,ionic,temp,pH,expRg,expRgErr,fasta,doi,comments
tau35,0.15,293.2,7.4,4.64,0.1,EPPKSGDRSGYSSPGSPGTPGSRSRTPSLPTPPTREPKKVAVVRTPPKSPSSAKSRLQTAPVPMPDLKNVKSKIGSTENLKHQPGGGKVQIINKKLDLSNVQSKCGSKDNIKHVPGGGSVQIVYKPVDLSKVTSKCGSLGNIHHKPGGGQVEVKSEKLDFKDRVQSKIGSLDNITHVPGGGNKKIETHKLTFRENAKAKTDHGAEIVYKSPVVSGDTSPRHLSNVSSTGSIDMVDSPQLATLADEVSASLAKQGL,https://doi.org/10.3389/fmolb.2021.779240,
CAHSD,0.07,293.0,7.0,4.84,0.2,MSGRNVESHMERNEKVVVNNSGHADVKKQQQQVEHTEFTHTEVKAPLIHPAPPIISTGAAGLAEEIVGQGFTASAARISGGTAEVHLQPSAAMTEEARRDQERYRQEQESIAKQQEREMEKKTEAYRKTAEAEAEKIRKELEKQHARDVEFRKDLIESTIDRQKREVDLEAKMAKRELDREGQLAKEALERSRLATNVEVNFDSAAGHTVSGGTTVSTSDKMEIKRN,https://doi.org/10.1101/2021.08.16.456555,
GHRICD,0.35,298.0,7.3,6.0,0.5,SKQQRIKMLILPPVPVPKIKGIDPDLLKEGKLEEVNTILAIHDSYKPEFHSDDSWVEFIELDIDEPDEKTEESDTDRLLSSDHEKSHSNLGVKDGDSGRTSCCEPDILETDFNANDIHEGTSEVAQPQRLKGEADLLCLDQKNQNNSPYHDACPATQQPSVIQAEKNKPQPLPTEGAESTHQAAHIQLSNPSSLSNIDFYAQVSDITPAGSVVLSPGQKNKAGMSQCDMHPEMVSLCQENFLMDNAYFCEADAKKCIPVAPHIKVESHIQPSLNQEDIYITTESLTTAAGRPGTGEHVPGSEMPVPDYTSIHIVQSPQGLILNATALPLPDKEFLSSCGYVSTDQLNKIMP,https://doi.org/10.1186/s12964-020-00626-6,
p532070,0.1,277.0,7.0,2.39,0.05,GPGSDLWKLLPENNVLSPLPSQAMDDLMLSPDDIEQWFTEDPGPDEAPRMPEAALEHHHHHH,https://doi.org/10.1038/s41467-021-21258-5,
Ash1,0.15,293.0,7.5,2.9,0.05,SASSSPSPSTPTKSGKMRSRSSSPVRPKAYTPSPRSPNYHRFALDSPPQSPRRSSNSSITKKGSRRSSGSSPTRHTTRVCV,https://doi.org/10.1021/jacs.6b10272,
CTD2,0.12,293.0,7.5,2.614,0.05,FAGSGSNIYSPGNAYSPSSSNYSPNSPSYSPTSPSYSPSSPSYSPTSPCYSPTSPSYSPTSPNYTPVTPSYSPTSPNYSASPQ,https://doi.org/10.1371/journal.pcbi.1008939,
ColNT,0.433,277.0,7.6,2.8,0.033,MGSNGADNAHNNAFGGGKNPGIGNTSGAGSNGSASSNRGNSNGWSWSNKPHKNDGFHSDGSYHITFHGDNNSKPKPGGNSGNRGNNGDGASSHHHHHH,https://doi.org/10.1016/j.bpj.2017.08.030,
hNL3cyt,0.3,293.0,8.5,3.15,0.2,MYRKDKRRQEPLRQPSPQRGAWAPELGAAPEEELAALQLGPTHHECEAGPPHDTLRLTALPDYTLTLRRSPDDIPLMTPNTITMIPNSLVGLQTLHPYNTFAAGFNSTGLPHSHSTTRV,https://doi.org/10.1529/biophysj.107.126995,
SH4UD,0.216,293.15,8.0,2.71,0.04,MGSNKSKPKDASQRRRSLEPAENVHGAGGGAFPASQTPSKPASADGHRGPSAAFAPAAAEPKLFGGFNSSDTVTSPQRAGPLAGGSAWSHPQFEK,https://doi.org/10.1073/pnas.1907251116,
Sic1,0.2,293.0,7.5,3.0,0.4,GSMTPSTPPRSRGTRYLAQPSGNTSSSALMQGQKTPQKPSQNLVPVTPSTTKSFKNAPLLAPPNSNMGMTSPFNGLTSPQRSPFPKSSVKRT,https://doi.org/10.1021/jacs.0c02088,
FhuA,0.15,298.0,7.5,3.34,0.1,SESAWGPAATIAARQSATGTKTDTPIQKVPQSISVVTAEEMALHQPKSVKEALSYTPGVSVGTRGASNTYDHLIIRGFAAEGQSQNNYLNGLKLQGNFYNDAVIDPYMLERAEIMRGPVSVLYGKSSPGGLLNMVSKRPTTEPL,https://doi.org/10.1126/science.aan5774,
K10,0.15,288.0,7.4,4.0,0.1,MQTAPVPMPDLKNVKSKIGSTENLKHQPGGGKVQIVYKPVDLSKVTSKCGSLGNIHHKPGGGQVEVKSEKLDFKDRVQSKIGSLDNITHVPGGGNKKIETHKLTFRENAKAKTDHGAEIVYKSPVVSGDTSPRHLSNVSSTGSIDMVDSPQLATLADEVSASLAKQGL,https://doi.org/10.1021/bi800900d,
K27,0.15,288.0,7.4,3.7,0.2,MSSPGSPGTPGSRSRTPSLPTPPTREPKKVAVVRTPPKSPSSAKSRLQTAPVPMPDLKNVKSKIGSTENLKHQPGGGKVQIVYKPVDLSKVTSKCGSLGNIHHKPGGGQVEVKSEKLDFKDRVQSKIGSLDNITHVPGGGNKKIETHKLTFRENAKAKTDHGAEIVY,https://doi.org/10.1021/bi800900d,
K25,0.15,288.0,7.4,4.1,0.2,MAEPRQEFEVMEDHAGTYGLGDRKDQGGYTMHQDQEGDTDAGLKAEEAGIGDTPSLEDEAAGHVTQARMVSKSKDGTGSDDKKAKGADGKTKIATPRGAAPPGQKGQANATRIPAKTPPAPKTPPSSGEPPKSGDRSGYSSPGSPGTPGSRSRTPSLPTPPTREPKKVAVVRTPPKSPSSAKSRL,https://doi.org/10.1021/bi800900d,
K32,0.15,288.0,7.4,4.2,0.3,MSSPGSPGTPGSRSRTPSLPTPPTREPKKVAVVRTPPKSPSSAKSRLQTAPVPMPDLKNVKSKIGSTENLKHQPGGGKVQIINKKLDLSNVQSKCGSKDNIKHVPGGGSVQIVYKPVDLSKVTSKCGSLGNIHHKPGGGQVEVKSEKLDFKDRVQSKIGSLDNITHVPGGGNKKIETHKLTFRENAKAKTDHGAEIVY,https://doi.org/10.1021/bi800900d,
K23,0.15,288.0,7.4,4.9,0.2,MAEPRQEFEVMEDHAGTYGLGDRKDQGGYTMHQDQEGDTDAGLKAEEAGIGDTPSLEDEAAGHVTQARMVSKSKDGTGSDDKKAKGADGKTKIATPRGAAPPGQKGQANATRIPAKTPPAPKTPPSSGEPPKSGDRSGYSSPGSPGTPGSRSRTPSLPTPPTREPKKVAVVRTPPKSPSSAKSRLTHKLTFRENAKAKTDHGAEIVYKSPVVSGDTSPRHLSNVSSTGSIDMVDSPQLATLADEVSASLAKQGL,https://doi.org/10.1021/bi800900d,
K44,0.15,288.0,7.4,5.2,0.2,MAEPRQEFEVMEDHAGTYGLGDRKDQGGYTMHQDQEGDTDAGLKAEEAGIGDTPSLEDEAAGHVTQARMVSKSKDGTGSDDKKAKGADGKTKIATPRGAAPPGQKGQANATRIPAKTPPAPKTPPSSGEPPKSGDRSGYSSPGSPGTPGSRSRTPSLPTPPTREPKKVAVVRTPPKSPSSAKSRLQTAPVPMPDLKNVKSKIGSTENLKHQPGGGKVQIVYKPVDLSKVTSKCGSLGNIHHKPGGGQVEVKSEKLDFKDRVQSKIGSLDNITHVPGGGNKKIE,https://doi.org/10.1021/bi800900d,
A1,0.15,298.0,7.0,2.76,0.02,GSMASASSSQRGRSGSGNFGGGRGGGFGGNDNFGRGGNFSGRGGFGGSRGGGGYGGSGDGYNGFGNDGSNFGGGGSYNDFGNYNNQSSNFGPMKGGNFGGRSSGGSGGGGQYFAKPRNQGGYGGSSSSSSYGSGRRF,https://doi.org/10.1038/s41557-021-00840-w,
M12FP12Y,0.15,298.0,7.0,2.6,0.02,GSMASASSSQRGRSGSGNYGGGRGGGYGGNDNYGRGGNYSGRGGYGGSRGGGGYGGSGDGYNGYGNDGSNYGGGGSYNDYGNYNNQSSNYGPMKGGNYGGRSSGGSGGGGQYYAKPRNQGGYGGSSSSSSYGSGRRY,https://doi.org/10.1038/s41557-021-00840-w,
P7FM7Y,0.15,298.0,7.0,2.72,0.01,GSMASASSSQRGRSGSGNFGGGRGGGFGGNDNFGRGGNFSGRGGFGGSRGGGGFGGSGDGFNGFGNDGSNFGGGGSFNDFGNFNNQSSNFGPMKGGNFGGRSSGGSGGGGQFFAKPRNQGGFGGSSSSSSFGSGRRF,https://doi.org/10.1038/s41557-021-00840-w,
M9FP6Y,0.15,298.0,7.0,2.66,0.01,GSMASASSSQRGRSGSGNFGGGRGGGYGGNDNYGRGGNYSGRGGFGGSRGGGGYGGSGDGYNGGGNDGSNYGGGGSYNDSGNYNNQSSNFGPMKGGNYGGRSSGGSGGGGQYGAKPRNQGGYGGSSSSSSYGSGRRY,https://doi.org/10.1038/s41557-021-00840-w,
M8FP4Y,0.15,298.0,7.0,2.71,0.01,GSMASASSSQRGRSGSGNFGGGRGGGYGGNDNGGRGGNYSGRGGFGGSRGGGGYGGSGDGYNGGGNDGSNYGGGGSYNDSGNYNNQSSNFGPMKGGNYGGRSSGGSGGGGQYGAKPRNQGGYGGSSSSSSYGSGRRF,https://doi.org/10.1038/s41557-021-00840-w,
M9FP3Y,0.15,298.0,7.0,2.68,0.01,GSMASASSSQRGRSGSGNFGGGRGGGYGGNDNGGRGGNYSGRGGFGGSRGGGGYGGSGDGYNGGGNDGSNYGGGGSYNDSGNGNNQSSNFGPMKGGNYGGRSSGGSGGGGQYGAKPRNQGGYGGSSSSSSYGSGRRS,https://doi.org/10.1038/s41557-021-00840-w,
M10R,0.15,298.0,7.0,2.67,0.01,GSMASASSSQGGSSGSGNFGGGGGGGFGGNDNFGGGGNFSGSGGFGGSGGGGGYGGSGDGYNGFGNDGSNFGGGGSYNDFGNYNNQSSNFGPMKGGNFGGSSSGPYGGGGQYFAKPGNQGGYGGSSSSSSYGSGGGF,https://doi.org/10.1038/s41557-021-00840-w,
M6R,0.15,298.0,7.0,2.57,0.01,GSMASASSSQGGRSGSGNFGGGRGGGFGGNDNFGGGGNFSGSGGFGGSRGGGGYGGSGDGYNGFGNDGSNFGGGGSYNDFGNYNNQSSNFGPMKGGNFGGSSSGPYGGGGQYFAKPGNQGGYGGSSSSSSYGSGGRF,https://doi.org/10.1038/s41557-021-00840-w,
P2R,0.15,298.0,7.0,2.62,0.02,GSMASASSSQRGRSGSGNFGGGRGGGFGGNDNFGRGGNFSGRGGFGGSRGGGGYGGSGDGYNGFRNDGSNFGGGGRYNDFGNYNNQSSNFGPMKGGNFGGRSSGPYGGGGQYFAKPRNQGGYGGSSSSSSYGSGRRF,https://doi.org/10.1038/s41557-021-00840-w,
P7R,0.15,298.0,7.0,2.71,0.01,GSMASASSSQRGRSGRGNFGGGRGGGFGGNDNFGRGGNFSGRGGFGGSRGGGRYGGSGDRYNGFGNDGRNFGGGGSYNDFGNYNNQSSNFGPMKGGNFRGRSSGPYGRGGQYFAKPRNQGGYGGSSSSRSYGSGRRF,https://doi.org/10.1038/s41557-021-00840-w,
M3RP3K,0.15,298.0,7.0,2.63,0.02,GSMASASSSQRGKSGSGNFGGGRGGGFGGNDNFGRGGNFSGRGGFGGSKGGGGYGGSGDGYNGFGNDGSNFGGGGSYNDFGNYNNQSSNFGPMKGGNFGGRSSGGSGGGGQYFAKPRNQGGYGGSSSSSSYGSGRKF,https://doi.org/10.1038/s41557-021-00840-w,
M6RP6K,0.15,298.0,7.0,2.79,0.01,GSMASASSSQKGKSGSGNFGGGRGGGFGGNDNFGKGGNFSGRGGFGGSKGGGGYGGSGDGYNGFGNDGSNFGGGGSYNDFGNYNNQSSNFGPMKGGNFGGKSSGGSGGGGQYFAKPRNQGGYGGSSSSSSYGSGRKF,https://doi.org/10.1038/s41557-021-00840-w,
M10RP10K,0.15,298.0,7.0,2.85,0.01,GSMASASSSQKGKSGSGNFGGGKGGGFGGNDNFGKGGNFSGKGGFGGSKGGGGYGGSGDGYNGFGNDGSNFGGGGSYNDFGNYNNQSSNFGPMKGGNFGGKSSGGSGGGGQYFAKPKNQGGYGGSSSSSSYGSGKKF,https://doi.org/10.1038/s41557-021-00840-w,
M4D,0.15,298.0,7.0,2.64,0.01,GSMASASSSQRGRSGSGNFGGGRGGGFGGNGNFGRGGNFSGRGGFGGSRGGGGYGGSGGGYNGFGNSGSNFGGGGSYNGFGNYNNQSSNFGPMKGGNFGGRSSGPYGGGGQYFAKPRNQGGYGGSSSSSSYGSGRRF,https://doi.org/10.1038/s41557-021-00840-w,
P4D,0.15,298.0,7.0,2.72,0.03,GSMASASSSQRDRSGSGNFGGGRGGGFGGNDNFGRGGNFSGRGDFGGSRGGGGYGGSGDGYNGFGNDGSNFGGGGSYNDFGNYNNQSSNFGPMKGGNFGGRSSDPYGGGGQYFAKPRNQGGYGGSSSSSSYDSGRRF,https://doi.org/10.1038/s41557-021-00840-w,
P8D,0.15,298.0,7.0,2.69,0.01,GSMASASSSQRDRSGSGNFGGGRDGGFGGNDNFGRGDNFSGRGDFGGSRDGGGYGGSGDGYNGFGNDGSNFGGGGSYNDFGNYNNQSSNFGPMKGGNFGGRSSDPYGGGGQYFAKPRNQDGYGGSSSSSSYDSGRRF,https://doi.org/10.1038/s41557-021-00840-w,
P12D,0.15,298.0,7.0,2.8,0.01,GSMASADSSQRDRDDSGNFGDGRGGGFGGNDNFGRGGNFSDRGGFGGSRGDGGYGGDGDGYNGFGNDGSNFGGGGSYNDFGNYNNQSSNFDPMKGGNFGDRSSGPYDGGGQYFAKPRNQGGYGGSSSSSSYGSDRRF,https://doi.org/10.1038/s41557-021-00840-w,
P12E,0.15,298.0,7.0,2.85,0.01,GSMASAESSQREREESGNFGEGRGGGFGGNDNFGRGGNFSERGGFGGSRGEGGYGGEGDGYNGFGNDGSNFGGGGSYNDFGNYNNQSSNFEPMKGGNFGERSSGPYEGGGQYFAKPRNQGGYGGSSSSSSYGSERRF,https://doi.org/10.1038/s41557-021-00840-w,
P7KP12D,0.15,298.0,7.0,2.92,0.01,GSMASADSSQRDRDDKGNFGDGRGGGFGGNDNFGRGGNFSDRGGFGGSRGDGKYGGDGDKYNGFGNDGKNFGGGGSYNDFGNYNNQSSNFDPMKGGNFKDRSSGPYDKGGQYFAKPRNQGGYGGSSSSKSYGSDRRF,https://doi.org/10.1038/s41557-021-00840-w,
P7KP12Db,0.15,298.0,7.0,2.56,0.01,GSMASAKSSQRDRDDDGNFGKGRGGGFGGNKNFGRGGNFSKRGGFGGSRGKGKYGGKGDDYNGFGNDGDNFGGGGSYNDFGNYNNQSSNFDPMDGGNFDDRSSGPYDDGGQYFADPRNQGGYGGSSSSKSYGSKRRF,https://doi.org/10.1038/s41557-021-00840-w,
M12FP12YM10R,0.15,298.0,7.0,2.61,0.02,GSMASASSSQGGSSGSGNYGGGGGGGYGGNDNYGGGGNYSGSGGYGGSGGGGGYGGSGDGYNGYGNDGSNYGGGGSYNDYGNYNNQSSNYGPMKGGNYGGSSSGPYGGGGQYYAKPGNQGGYGGSSSSSSYGSGGGY,https://doi.org/10.1038/s41557-021-00840-w,
M10FP7RP12D,0.15,298.0,7.0,2.86,0.01,GSMASADSSQRDRDDRGNFGDGRGGGGGGNDNFGRGGNGSDRGGGGGSRGDGRYGGDGDRYNGGGNDGRNGGGGGSYNDGGNYNNQSSNGDPMKGGNGRDRSSGPYDRGGQYGAKPRNQGGYGGSSSSRSYGSDRRG,https://doi.org/10.1038/s41557-021-00840-w,
Hst5,0.168,298,7.0,1.38,0.05,DSHAKRHHGYKRKFHEKHHSHRGY,https://doi.org/10.1021/acs.jpcb.0c09635,changed salt from 0.15 to 0.168; temp from 293 to 298; ph 7.5 to 7.0; reference https://doi.org/10.1021/acs.jctc.8b01281 to https://doi.org/10.1021/acs.jpcb.0c09635 
Hst52,0.168,298.0,7.0,1.9,0.05,DSHAKRHHGYKRKFHEKHHSHRGYDSHAKRHHGYKRKFHEKHHSHRGY,https://doi.org/10.1021/acs.jpcb.0c09635,changed Rg from 1.87 to 1.9 nm; salt from 0.15 to 0.168;
aSyn140,0.2,293.0,7.4,3.55,0.1,MDVFMKGLSKAKEGVVAAAEKTKQGVAEAAGKTKEGVLYVGSKTKEGVVHGVATVAEKTKEQVTNVGGAVVTGVTAVAQKTVEGAGSIAAATGFVKKDQLGKNEEGAPQEGILEDMPVDPDNEAYEMPSEEGYQDYEPEA,https://doi.org/10.3389/fmolb.2021.654333,
ACTR,0.2,278.0,7.4,2.63,0.1,GTQNRPLLRNSLDDLVGPPSNLEGQSDERALLDQLHTLLSNTDATGLEEIDRALGIPELVNQGQALEPKQD,https://doi.org/10.1002/pro.435,
RNaseA,0.15,298.0,7.5,3.36,0.1,KETAAAKFERQHMDSSTSAASSSNYCNQMMKSRNLTKDRCKPVNTFVHESLADVQAVCSQKNVACKNGQTNCYQSYSTMSITDCRETGSSKYPNCAYKTTQANKHIIVACEGNPYVPVHFDASV,https://doi.org/10.1126/science.aan5774,
p15PAF,0.15,298.0,7.0,2.81,0.1,MVRTKADSVPGTYRKVVAARAPRKVLGSSTSATNSTSVSSRKAENKYAGGNPVCVRPTPKWQKGIGEFFRLSPKDSEKENQIPEEAGSSGLGKAKRKACPLQPDHTNDEKE,https://doi.org/10.1016/j.bpj.2013.12.046,
CoRNID,0.192,293.15,7.5,4.7,0.2,GPHMQVPRTHRLITLADHICQIITQDFARNQVPSQASTSTFQTSPSALSSTPVRTKTSSRYSPESQSQTVLHPRPGPRVSPENLVDKSRGSRPGKSPERSHIPSEPYEPISPPQGPAVHEKQDSMLLLSQRGVDPAEQRSDSRSPGSISYLPSFFTKLESTSPMVKSKKQEIFRKLNSSGGGDSDMAAAQPGTEIFNLPAVTTSGAVSSRSHSFADPASNLGLEDIIRKALMGSFDDKVEDHGVVMSHPVGIMPGSASTSVVTSSEARRDE,https://doi.org/10.1016/j.str.2019.05.001,
PNt,0.15,298.0,7.5,5.11,0.1,DWNNQSIVKTGERQHGIHIQGSDPGGVRTASGTTIKVSGRQAQGILLENPAAELQFRNGSVTSSGQLSDDGIRRFLGTVTVKAGKLVADHATLANVGDTWDDDGIALYVAGEQAQASIADSTLQGAGGVQIERGANVTVQRSAIVDGGLHIGALQSLQPEDLPPSRVVLRDTNVTAVPASGAPAAVSVLGASELTLDGGHITGGRAAGVAAMQGAVVHLQRATIRRGEALAGGAVPGGAVPGGAVPGGFGPGGFGPVLDGWYGVDVSGSSVELAQSIVEAPELGAAIRVGRGARVTVPGGSLSAPHGNVIETGGARRFAPQAAPLSITLQAGAH,https://doi.org/10.1073/pnas.2003773117,
PNtS1,0.15,298.0,7.5,4.92,0.1,DWNNQSIVKTGERQHGIHIQGSDPGGVRTASGTTIKVSGRQAQGILLENPAAELQFRNGSVTSSGQKSDDGIRRFLGTVTVLAGKLVADHATLANVGDTWDDDGIALYVAGEQAQASIADSTLQGAGGVQIERGANVTVQRSAIVLGGLHIGALQSLQPEDDPPSRVVLRDTNVTAVPASGAPAAVSVLGASLLTLDGGHITGGRAAGVAAMQGAVVHEQRATIRRGEALAGGAVPGGAVPGGAVPGGFGPGGFGPVLDGWYGVDVSGSSVELAQSIVEAPELGAAIRVGRGARVTVPGGSLSAPHGNVIETGGARRFAPQAAPLSITLQAGAH,https://doi.org/10.1073/pnas.2003773117,
PNtS4,0.15,298.0,7.5,5.34,0.1,DWNNQSIVKTGERQHGIHIQGSDPGGVRTASGTTIKVSGRQAQGILLENPAAELQFRNGSVTSSGQLSFVGITRDLGRDTVKAGKLVADHATLANVGDTWDDDGIALYVAGEQAQASIADSTLQGAGGVQIERGADVRVQREAIVDGGLHNGALQSLQPSILPPSTVVLRDTNVTAVPASGAPAAVLVSGASGLRLDGGHIHEGRAAGVAAMQGAVVTLQTATIRRGEALAGGAVPGGAVPGGAVPGGFGPGGFGPVLDGWYGVDVSGSSVELAQSIVEAPELGAAIRVGRGARVTVPGGSLSAPHGNVIETGGARRFAPQAAPLSITLQAGAH,https://doi.org/10.1073/pnas.2003773117,
PNtS5,0.15,298.0,7.5,4.87,0.1,DWNNQSIVKTGERQHGIHIQGSDPGGVRTASGTTIKVSGRQAQGILLENPAAELQFRNGSVTSSGQLSDDGIEDFLGTVTVDAGELVADHATLANVGDTWDDDGIALYVAGEQAQASIADSTLQGAGGVQIEDGANVTVQESAIVDGGLHIGALQSLQPRRLPPSRVVLRKTNVTAVPASGAPAAVSVLGASKLTLRGGHITGGRAAGVAAMQGAVVHLQRATIRRGRALAGGAVPGGAVPGGAVPGGFGPGGFGPVLDGWYGVDVSGSSVELAQSIVEAPELGAAIRVGRGARVTVPGGSLSAPHGNVIETGGARRFAPQAAPLSITLQAGAH,https://doi.org/10.1073/pnas.2003773117,
PNtS6,0.15,298.0,7.5,5.26,0.1,DWNNQSIVKTGERQHGIHIQGSDPGGVRTASGTTIKVSGRQAQGILLENPAAELQFRNGSVTSSGQLSDRGIDRFLGTVTVEAGKLVADHATLANVGDTWDKDGIALYVAGRQAQASIADSTLQGAGGVQIREGANVTVQRSAIVDGGLHIGALQSLQPERLPPSDVVLRDTNVTAVPASGAPAAVSVLGASRLTLDGGHITGGDAAGVAAMQGAVVHLQRATIERGEALAGGAVPGGAVPGGAVPGGFGPGGFGPVLDGWYGVDVSGSSVELAQSIVEAPELGAAIRVGRGARVTVPGGSLSAPHGNVIETGGARRFAPQAAPLSITLQAGAH,https://doi.org/10.1073/pnas.2003773117,
MetC,0.167,288.15,7.5,5.16,0.56,GSGGIEGRHAGRQKVQEMKEKFSTIIKAEMPTQSSSPDLPASQAPQQLERIVLYLIENLQKSVDSAETVGGQGMESLMDDGYSSPANTLTLEELAPSPTPALALVPPAPSSVKSSISKSVSVVNVTAARKFQQEHQKQRERDREQLKERTNSTQGVIRQLSSCLSEAETASCILSPASSLSASEAPDTPDPHSNTSPPPSLHTRPSVLHRTLTSTLR,https://doi.org/10.1371/journal.pone.0162950,
RNaseE603_850,0.274,288.0,7.5,5.26,0.031,ERQQDRRKPRQNNRRDRNERRDTRSERTEGSDNREENRRNRRQAQQQTAETRESRQQAEVTEKARTADEQQAPRRERSRRRNDDKRQAQQEAKALNVEEQSVQETEQEERVRPVQPRRKQRQLNQKVRYEQSVAEEAVVAPVVEETVAAEPIVQEAPAPRTELVKVPLPVVAQTAPEQQEENNADNRDNGGMPRRSRRSPRHLRVSGQRRRRYRDERYPTQSPMPLTVACASPELASGKVWIRYPIVRHHHHHH,https://doi.org/10.1093/nar/gkx1083,
S4L,0.169,283.15,7.2,3.6,0.31,GAMIDLSGLTLQSNAPSSMMVKDEYVHDFEGQPSLSTEGHSIQTIQHPPSNRASTETYSTPALLAPSESNATSTANFPNIPVASTSQPASILGGSHSEGLLQIASGPQPGQQQNGFTGQPATYHHNSTTTWTGS,https://doi.org/10.1016/j.csbj.2021.09.009,
ED1,0.153,293.15,7.4,5.42,0.066,GSSHHHHHHSSGLVPRGSHMQIVATNLPPEDQDGSGDDSDNFSGSGAGALQDITLSQQTPSTWKDTQLLTAIPTSPEPTGLEATAASTSTLPAGEGPKEGEAVVLPEVEPGLTAREQEATPRPRETTQLPTTHLASTTTATTAQEPATSHPHRDMQPGHHETSTPAGPSQADLHTPHTEDGGPSATERAAEDGASSQLPAAEGSGEQDFTFETSGENTAVVAVEPDRRNQSPVDQGATGASQGLLDRKEVLGDYKDDDDK,https://doi.org/10.1016/j.mbplus.2021.100081,
ED2,0.153,293.15,7.4,4.13,0.15,GSSHHHHHHSSGLVPRGSHMESRAELTSDKDMYLDNSSIEEASGVYPIDDDDYASASGSGADEDVESPELTTSRPLPKILLTSAAPKVETTTLNIQNKIPAQTKSPEETDKEKVHLSDSERKMDPAEEDTNVYTEKHSDSLFKRTEDYKDDDDK,https://doi.org/10.1016/j.mbplus.2021.100081,
S26_45,0.161,298.15,8.0,1.094,0.05,SAYSGLQSSSYLMSARSFPA,https://arxiv.org/abs/2212.01894,
S45_64,0.161,298.15,8.0,1.221,0.05,YYTSHVQEEQTEVEETIEAT,https://arxiv.org/abs/2212.01894,
S67_86,0.161,298.15,8.0,1.31,0.05,KAEEAKDEPPSEGEAEEEEK,https://arxiv.org/abs/2212.01894,
S66_81,0.161,298.15,8.0,1.168,0.05,ATKAEEAKDEPPSEGEA,https://arxiv.org/abs/2212.01894,
S87_105,0.161,298.15,8.0,1.309,0.05,EKEEGEEEEGAEEEEAAKDE,https://arxiv.org/abs/2212.01894,
S82_96,0.161,298.15,8.0,1.168,0.05,AEEEEEKEKEEGEEEEGA,https://arxiv.org/abs/2212.01894,
S106_128,0.161,298.15,8.0,1.248,0.05,SEDTKEEEEGGEGEEEDTKE,https://arxiv.org/abs/2212.01894,
S110_125,0.161,298.15,8.0,1.164,0.05,TKEEEEGGEGEEEDTKES,https://arxiv.org/abs/2212.01894,
S129_146,0.161,298.15,8.0,1.267,0.05,SEEEEKKEESAGEEQVAKKKD,https://arxiv.org/abs/2212.01894,
S130_143,0.161,298.15,8.0,1.093,0.05,SEEEEKKEESAGEEQV,https://arxiv.org/abs/2212.01894,
cDAXX,0.13,293.0,8.0,4.75,0.05,SPMSSLQISNEKNLEPGKQISRSSGEQQNKGRIVSPSLLSEEPLAPSSIDAESNGEQPEELTLEEESPVSQLFELEIEALPLDTPSSVETDISSSRKQSEEPFTTVLENGAGMVSSTSFNGGVSPHNWGDSGPPCKKSRKEKKQTGSGPLGNSYVERQRSVHEKNGKKICTLPSPPSPLASLAPVADSSTRVDSPSHGLVTSSLCIPSPARLSQTPHSQPPRPGTCKTSVATQCDPEEIIVLSDSD,https://doi.org/10.1021/jacs.9b10066,
ChiZ164,0.065,293.0,7.0,2.42,0.01,SNAMTPVRPPHTPDPLNLRGPLDGPRWRRAEPAQSRRPGRSRPGGAPLRYHRTGVGMSRTGHGSRPV,https://doi.org/10.3390/biom10060946,
A1S@S50,0.05,293.0,7.5,2.645,0.02,GSMASASSSQRGRSGSGNFGGGRGGGFGGNDNFGRGGNFSGRGGFGGSRGGGGYGGSGDGYNGFGNDGSNFGGGGNYNNQSSNFGPMKGGNFGGRSSGPYGGGGQYFAKPRNQGGYGGSSSSSSYGSGRRF,https://doi.org/10.1093/nar/gkab063,
A1S@S150,0.15,293.0,7.5,2.65,0.02,GSMASASSSQRGRSGSGNFGGGRGGGFGGNDNFGRGGNFSGRGGFGGSRGGGGYGGSGDGYNGFGNDGSNFGGGGNYNNQSSNFGPMKGGNFGGRSSGPYGGGGQYFAKPRNQGGYGGSSSSSSYGSGRRF,https://doi.org/10.1093/nar/gkab063,
A1S@S300,0.3,293.0,7.5,2.62,0.02,GSMASASSSQRGRSGSGNFGGGRGGGFGGNDNFGRGGNFSGRGGFGGSRGGGGYGGSGDGYNGFGNDGSNFGGGGNYNNQSSNFGPMKGGNFGGRSSGPYGGGGQYFAKPRNQGGYGGSSSSSSYGSGRRF,https://doi.org/10.1093/nar/gkab063,
A1S@S500,0.5,293.0,7.5,2.528,0.02,GSMASASSSQRGRSGSGNFGGGRGGGFGGNDNFGRGGNFSGRGGFGGSRGGGGYGGSGDGYNGFGNDGSNFGGGGNYNNQSSNFGPMKGGNFGGRSSGPYGGGGQYFAKPRNQGGYGGSSSSSSYGSGRRF,https://doi.org/10.1093/nar/gkab063,
p27Cv14,0.095,293.0,7.2,2.936,0.13,GSHMKGACKSSSPPSNDQGRPGDPKQVIDKTEVERTQDTSNIQETQSANNSGPDKPSRCDLAVSGVAAAALPAPGHANSTARDLTRDEEAGSVEQTPKKPGLRRRQT,https://doi.org/10.1073/pnas.1516277113,
p27Cv15,0.095,293.0,7.2,2.915,0.1,GSHMKGACIVANSPPDDVKSKEDVPQTDPRLTGGDRDNARASRTGNDPAGASTQSAEVACSNPILSTPDAQEKQAGTSNSKERPHEQLSAGSVEQTPKKPGLRRRQT,https://doi.org/10.1073/pnas.1516277113,
p27Cv31,0.095,293.0,7.2,2.81,0.18,GSHMKGACKVPAQESQDVSGSRPAAPLIGAPANSEDTHLVDPKTDPSDSQTGLAEQCAGIRKRPATDDSSTQNKRANRTEENVSDGSPNAGSVEQTPKKPGLRRRQT,https://doi.org/10.1073/pnas.1516277113,
p27Cv44,0.095,293.0,7.2,2.492,0.13,GSHMKGACRKPANAEADSSSCQNVPRGKSKQAPETPTGSPLGDATLNQVKPRRPSSASTNIGQLEDADEDDAEDHVGSAVTSQTIPNDRAGSVEQTPKKPGLRRRQT,https://doi.org/10.1073/pnas.1516277113,
p27Cv56,0.095,293.0,7.2,2.328,0.1,GSHMKGACGSSVLGTGNPRNQAHVSDTSLEEDDDEQDDSTPDEVSQACTIVASALDINAATPRSPKASPKRKRKRQSTAPAQGNEPPGNAGSVEQTPKKPGLRRRQT,https://doi.org/10.1073/pnas.1516277113,
p27Cv78,0.095,293.0,7.2,2.211,0.03,GSHMKGACALPSGVVPAEDDDDDEEEEDDQDPAQPQAVQGAAPSSGTNNSQPILPSIAVNSTTGPNSTAGKKKRKRRRTRHSNCATLSSAGSVEQTPKKPGLRRRQT,https://doi.org/10.1073/pnas.1516277113,
DSS1,0.17,288.0,7.4,2.5,0.1,MSRAALPSLENLEDDDEFEDFATENWPMKDTELDTGDDTLWENNWDDEDIGDDDFSVQLQAELKKKGVAAC,https://doi.org/10.1101/2022.06.11.495732,
PTMA,0.16,288.0,7.4,3.7,0.2,GPSDAAVDTSSEITTKDLKEKKEVVEEAENGRDAPANGNANEENGEQEADNEVDEEEEEGGEEEEEEEEGDGEEEDGDEDEEAESATGKRAAEDDEDDDVDTKKQKTDEDD,https://doi.org/10.1101/2022.06.11.495732,
NHE6cmdd,0.17,288.0,7.4,3.2,0.2,GPPLTTTLPACCGPIARCLTSPQAYENQEQLKDDDSDLILNDGDISLTYGDSTVNTEPATSSAPRRFMGNSSEDALDRELAFGDHELVIRGTRLVLPMDDSEPPLNLLDNTRHGPA,https://doi.org/10.1101/2022.06.11.495732,
ANAC046,0.14,298.0,7.0,3.6,0.3,NAPSTTITTTKQLSRIDSLDNIDHLLDFSSLPPLIDPGFLGQPGPSFSGARQQHDLKPVLHHPTTAPVDNTYLPTQALNFPYHSVHNSGSDFGYGAGSGNNNKGMIKLEHSLVSVSQETGLSSDVNTTATPEISSYPMMMNPAMMDGSKSACDGLDDLIFWEDLYTS,https://doi.org/10.1101/2022.06.11.495732,
DomainV,0.1985,288.15,7.0,2.43,0.024,GAMGTAGNKAALLDQIREGAQLKKVEQNSRPVSCSGRDALLDQIRQGIQLKSVADGQESTPPTPAPT,https://doi.org/10.1016/j.bpj.2019.02.015,
hKISS1,0.159,283.15,7.0,3.47,0.05,GEPLEKVASVGNSRPTGQQLESLGLLAPGEQSLPCTERKPAATARLSRRGTSLSPPPESSGSPQQPGLSAPHSRQIPAPQGAVLVQREKDLPNYNWNSFGLRFGKREAAPGNHGRSAGRG,https://doi.org/10.1371/journal.pone.0172507,
HvASR1,0.15,293.15,7.3,3.51,0.09,GSPEFMAEEKHHHHLFHHKKEGEDFQPAADGGADVYGYSTETVVTGTGNEGEYERITKEEKHHKHKEHLGEMGAVAAGAFALYEKHEAKKDPEHAHKHKIEEELAAAAAVGAGGFVFHEHHEKKQDHKEAKEASGEKKHHLFG,https://doi.org/10.1038/s41598-017-15299-4,checked
TtASR1,0.15,293.15,7.3,3.31,0.08,GSPEFMAEEKHHHLFHHKEGEDFQPAADGGVDTYGYSTETVVTATGNDGEYERITKEEKHHKHKEHLGEMGAAAAGAFALYEKHEAKKDPEHAHKHKIEEEVAAAAAVGAGGFVFHEHHEKKQDHKEAKEASGEKKHHLFG,https://doi.org/10.1038/s41598-017-15299-4,checked
VWF,0.153,293.0,7.4,3.08,0.03,MEDREQAPNLVYMVTGNPASDEIKRLPGDIQVVPIGVGPNANVQELERIGWPNAPILIQDFETLPREAPDLVLQRGGWSHPQFEKGGGSGGGSGGWSHPQFEK,https://doi.org/10.1016/j.jmb.2021.166954,
GON7,0.211,283.0,6.5,3.18,0.04,MGHHHHHHENLYFQGELLGEYVGQEGKPQKLRVSCEAPGDGDPFQGLLSGVAQMKDMVTELFDPLVQGEVQHRVAAAPDEDLDGDDEDDAEDENNIDNRTNFDGPSAKRPKTPS,https://doi.org/10.1038/s41467-019-11951-x,
TIF2NRID,0.175,283.15,6.8,3.74,0.092,ERADGQSRLHDSKGQTKLLQLLTTKSDQMEPSPLASSLSDTNKDSTGSLPGSGSTHGTSLKEKHKILHRLLQDSSSPVDLAKLTAEATGKDLSQESSSTAPGSEVTIKQEPVSPKKKENALLRYLLDKDDTKDIGLPEITPKLERLDSKT,https://doi.org/10.1016/j.jmb.2021.166899,
PARCL,0.17,293.15,7.5,3.43,0.065,GSMQYYENREKDYYEVAQGQRNGYGQSQSHNHEGYGQSQSRGGYGQIHNREGYNQNREGYSQSQSRPVYGLSPTLNHRSHGGFLDGLFKGQNGQKGQSGLGTFLGQHKSQEAKKSQGHGKLLGQHDQKKTHETNSGLNGLGMFINNGEKKHRRKSEHKKKNKDGHGSGNESGSSSGSDSD,https://doi.org/10.1016/j.jbc.2022.102631,checked
BMAL1P624A,0.154,283.25,7.2,2.77,0.09,GPDASSPGGKKILNGGTPDIPSTGLLPGQAQETPGYPYSDSSSILGENPHIGIDMIDNDQGSSSPSNDEAAMAVIMSLLEADAGLGGPVDFSDLPWAL,https://doi.org/10.1074/jbc.ra119.009845,
D91_FATZ1,0.192,293.15,7.5,3.86,0.024,GPTVGGQLGTAGQGFSYSKSNGRGGSQAGGSGSAGQYGSDQQHHLGSGSGAGGTGGPAGQAGRGGAAGTAGVGETGSGDQAGGEGKHITVFKTYISPWERAMGVDPQQKMELGIDLLAYGAKAELPKYKSFNRTAMPYGGYEKASKRMTFQMPKFDLGPLLSEPLVLYNQNLSNRPSFNRTPIPWLSSGEPVDYNVDIGIPLDGETEEL,https://doi.org/10.1126/sciadv.abg7653,
N_FATZ1,0.192,293.15,7.5,3.45,0.062,MAHHHHHHVDDDDKIMPLSGTPAPNKKRKSSKLIMELTGGGQESSGLNLGKKISVPRDVMLEELSLLTNRGSKMFKLRQMRVEKFIYENHPDVFSDSSMDHFQKFLPTVGGQLGTAGQGFSYSKSNGRGGSQAGGSGSAGQYGSDQQHHLGSGSGAGGTGGPAGQAGRGGAAGTAGVGETGSGDQAGGEAE,https://doi.org/10.1126/sciadv.abg7653,
ED3,0.153,293.15,7.4,6.51,0.15,MGSSHHHHHHSSGLVPRGSMAQRWRSENFERPVDLEGSGDDDSFPDDELDDLYSGSGSGYFEQESGIETAMETRFSPDVALAVSTTPAVLPTTNIQPVGTPFEELPSERPTLEPATSPLVVTEVPEEPSQRATTVSTTMETATTAATSTGDPTVATVPATVATATPSTPAAPPFTATTAVIRTTGVRRLLPLPLTTVATARATTPEAPSPPTTAAVLDTEAPTPRLVSTATSRPRALPRPATTQEPDIPERSTLPLGTTAPGPTEVAQTPTPETFLTTIRDEPEVPVSGGPSGDFELPEEETTQPDTANEVVAVGGAAAKASSPPGTLPKGARPGPGLLDNAIDSGSSAAQLPQKSILERKEVLVDYKDDDDK,https://doi.org/10.1016/j.mbplus.2021.100081,
ED4,0.153,293.15,7.4,4.06,0.11,GSSHHHHHHSSGLVPRGSHMESIRETEVIDPQDLLEGRYFSGALPDDEDVVGPGQESDDFELSGSGDLDDLEDSMIGPEVVHPLVPLDNHIPERAGSGSQVPTEPKKLEENEVIPKRISPVEESEDVSNKVSMSSTVQGSNIFERTEVLAGCPEHDYKDDDDK,https://doi.org/10.1016/j.mbplus.2021.100081,
ERD14,0.17,293.0,7.5,4.6,0.1,AEEIKNVPEQEVPKVATEESSAEVTDRGLFDFLGKKKDETKPEETPIASEFEQKVHISEPEPEVKHESLLEKLHRSDSSSSSSSEEEGSDGEKRKKKKEKKKPTTEVEVKEEEKKGFMEKLKEKLPGHKKPEDGSAVAAAPVVVPPPVEEAHPVEKKGILEKIKEKLPGYHPKTTVEEEKKDKE,https://doi.org/10.1021/jacs.5b06027,checked
Fez1,0.168,293.0,7.4,3.6,0.1,QIQEEEETLQDEEVWDALTDNYIPSLSEDWRDPNIEALNGNCSDTEIHEKEEEEFNEKSENDSGINEEPLLTADQVIEEIEEMMQNSPDPEEEEEVLEEEDGG,https://doi.org/10.1021/pr100314q,changed salt from 0.15 to 0.168;
ERD10,0.17,293.0,7.5,6.0,0.1,AEEYKNTVPEQETPKVATEESSAPEIKERGMFDFLKKKEEVKPQETTTLASEFEHKTQISEPESFVAKHEEEEHKPTLLEQLHQKHEEEEENKPSLLDKLHRSNSSSSSSSDEEGEDGEKKKKEKKKKIVEGDHVKTVEEENQGVMDRIKEKFPLGEKPGGDDVPVVTTMPAPHSVEDHKPEEEEKKGFMDKIKEKLPGHSKKPEDSQVVNTTPLVETATPIADIPEEKKGFMDKIKEKLPGYHAKTTGEEEKKEKVSD,https://doi.org/10.1021/jacs.5b06027,checked
CAF1_p150L_CTD,0.24,293.0,7.0,4.1,0.55,MAERLGKQLKLRAEREEKEKLKEEAKRAKEEAKKKKEEEKELKEKERREKREKDEKEKAEKQRLKEERRKERQEALEAKLEEKRKKEEEKRLREEEKRIKAEKAEITRFFQKPKTPQAPKTLAGSCGKFAPFEIKELEHHHHHH,https://doi.org/10.3390/ijms231911099,removed because there are indicated alpha-helical from CD experiments; better not use; changed error from 0.2 to 0.55 nm based on SAXS data;
FCP1,0.11,298.0,6.5,1.56,0.01,ESSRESSNEDEGSSSEADEMAKALEAELNDLM,https://doi.org/10.1021/acs.jpcb.6b06934,checked
CP12ox,0.02,293.0,7.9,2.82,0.05,SGHIEGRHMSGQPAVDLNKKVQDAVKEAEDACAKGTSADCAVAWDTVEELSAAVSHKKDAVKADVTLTDPLEAFCKDAPDADECRVYED,https://doi.org/10.1016/j.bbrc.2016.06.014,removed because of too small ionic strength
NLS,0.15,296.0,7.4,2.4,0.3,ACETNKRKREQISTDNEAKMQIQEEKSPKKKRKKRSSKANKPPECA,https://doi.org/10.1073/pnas.1704692114,removed for now because something unclear in the sequences;
PAGE4_WT,0.15,283.0,7.4,3.6,0.1,MSARVRSRSRGRGDGQEAPDVVAFVAPGESQQEEPPTDNQDIEPGQEREGTPPIEERKVEGDCQEMDLEKTRSERGDGSDVKEKTPPNPKHAKTKEAGDGQP,https://doi.org/10.1073/pnas.1700082114,removed for now because no experimental conditions are validated; but it could be added later on;
Calpastatin,0.17,293.0,7.5,3.9,0.1,AVPVESKPDKPSGKSGMDAALDDLIDTLGGPEETEEENTTYTGPEVSDPMSSTYIEELGKREVTIPPKYRELLAKKEGITGPPADSSKPIGPDDAIDALSSDFTCGSPTAAGKKTEKEESTEVLKAQSAGTVRSAAPPQEK,https://doi.org/10.1021/jacs.5b06027,checked
MenVL,0.15,283.0,8.5,2.54,0.041,TTIKIMDPGVGDGATAAKSKRLFKEAPVVVSGPVIGDNPIVDADTIQLDELARPSLPKTKSQ,https://doi.org/10.3390/v13091737,recalculated Rg and error
Msh6_NTR,0.12,293.0,8.0,5.6,0.2,MAPATPKTSKTAHFENGSTSSQKKMKQSSLLSFFSKQVPSGTPSKKVQKPTPATLENTATDKITKNPQGGKTGKLFVDVDEDNDLTIAEETVSTVRSDIMHSQEPQSDTMLNSNTTEPKSTTTDEDLSSSQSRRNHKRRVNYAESDDDDSDTTFTAKRKKGKVVDSESDEDEYLPDKNDGDEDDDIADDKEDIKGELAEDSGDDDDLISLAETTSKKKFSYNTSHSSSPFTRNISRDNSKKKSRPNQAPSRSYNPSHSQPSATSKSSKFNKQNEERYQWLVDERDAQRRPKSDPEYDPRTLYIPALEHHHHHH,https://doi.org/10.1016/j.molcel.2007.04.024,"checked, it is ok."
AavLEA1,0.17,293.0,7.5,4.1,0.1,MGSSHHHHHHSSGLVPRGSHMSSQQNQNRQGEQQEQGYMEAAKEKVVNAWESTKETLSSTAQAAAEKTAEFRDSAGETIRDLTGQAQEKGQEFKERAGEKAEETKQRAGEKMDETKQRAGEMRENAGQKMEEYKQQGKGKAEELRDTAAEKLHQAGEKVKGRD,https://doi.org/10.1021/jacs.5b06027,checked
hNHE1cdt,0.2,278.0,7.4,3.7,0.1,VPAHKLDSPTMSRARIGSDPLAYEPKEDLPVITIDPASPQSPESVDLVNEELKGKVLGLSRDPAKVAEEDEDDDGGIMMRSKETSSPGTDDVFTPAPSDSPSSQRIQRCLSDPGPHPEPGEGEPFFPKGQ,https://doi.org/10.1002/pro.435,checked
HeV_PNT3_3Y3A,0.12,293.0,7.2,3.95,0.03,MSYYHHHHHHLESTSLYKKAGFTPTEEPPVIPEAAAGSGRRGDLSKSPPRGNVNLDSIKIYTSDDEDENQLEYEDEFAKSSSEVVIDTTPEDNDSINQEEVVGDPSDQGLEHPFPLGKFPEKEETPDVRRKDS,https://doi.org/10.3390/ijms24010399,checked
ht2N3R,0.15,293.2,7.4,6.3,0.3,MAEPRQEFEVMEDHAGTYGLGDRKDQGGYTMHQDQEGDTDAGLKESPLQTPTEDGSEEPGSETSDAKSTPTAEDVTAPLVDEGAPGKQAAAQPHTEIPEGTTAEEAGIGDTPSLEDEAAGHVTQARMVSKSKDGTGSDDKKAKGADGKTKIATPRGAAPPGQKGQANATRIPAKTPPAPKTPPSSGEPPKSGDRSGYSSPGSPGTPGSRSRTPSLPTPPTREPKKVAVVRTPPKSPSSAKSRLQTAPVPMPDLKNVKSKIGSTENLKHQPGGGKVQIVYKPVDLSKVTSKCGSLGNIHHKPGGGQVEVKSEKLDFKDRVQSKIGSLDNITHVPGGGNKKIETHKLTFRENAKAKTDHGAEIVYKSPVVSGDTSPRHLSNVSSTGSIDMVDSPQLATLADEVSASLAKQGL,https://doi.org/10.3389/fmolb.2021.779240,changed temp from 298 to 293.2;
HAdV5E1A,0.24,283.0,7.0,3.6,0.058,GSMSHFEPPTLHELYDLDVTAPEDPNEEAVSQIFPDSVMLAVQEGIDLLTFPPAPGSPEPPHLSRQPEQPEQRALGPVSMPNLVPEVIDLYCYEQLNPPSDDEDEEGEEFVLDY,https://doi.org/10.1038/s41594-022-00811-w,changed error from 0.1 to 0.058 nm;
ht2N4R,0.15,293.2,7.4,6.7,0.3,MAEPRQEFEVMEDHAGTYGLGDRKDQGGYTMHQDQEGDTDAGLKESPLQTPTEDGSEEPGSETSDAKSTPTAEDVTAPLVDEGAPGKQAAAQPHTEIPEGTTAEEAGIGDTPSLEDEAAGHVTQARMVSKSKDGTGSDDKKAKGADGKTKIATPRGAAPPGQKGQANATRIPAKTPPAPKTPPSSGEPPKSGDRSGYSSPGSPGTPGSRSRTPSLPTPPTREPKKVAVVRTPPKSPSSAKSRLQTAPVPMPDLKNVKSKIGSTENLKHQPGGGKVQIINKKLDLSNVQSKCGSKDNIKHVPGGGSVQIVYKPVDLSKVTSKCGSLGNIHHKPGGGQVEVKSEKLDFKDRVQSKIGSLDNITHVPGGGNKKIETHKLTFRENAKAKTDHGAEIVYKSPVVSGDTSPRHLSNVSSTGSIDMVDSPQLATLADEVSASLAKQGL,https://doi.org/10.3389/fmolb.2021.779240,changed temp from 298 to 293.2;
HeV_PNT3_WT,0.12,293.0,7.2,3.67,0.04,MSYYHHHHHHLESTSLYKKAGSTPTEEPPVIPEYYYGSGRRGDLSKSPPRGNVNLDSIKIYTSDDEDENQLEYEDEFAKSSSEVVIDTTPEDNDSINQEEVVGDPSDQGLEHPFPLGKFPEKEETPDVRRKDS,https://doi.org/10.3390/ijms24010399,checked
NiV_PNT3_WT,0.12,293.0,7.2,3.74,0.02,MSYYHHHHHHLESTSLYKKAGFDPAKDSPVIAEHYYGLGVKEQNVGPQTSRNVNLDSIKLYTSDDEEADQLEFEDEFAGSSSEVIVGISPEDEEPSSVGGKPNESIGRTIEGQSIRDNLQAKDNKSTDVPGAGPKDS,https://doi.org/10.3390/ijms24010399,checked
NiVPNT,0.31,293.0,8.0,6.1,0.1,MDKLELVNDGLNIIDFIQKNQKEIQKTYGRSSIQQPSIKDQTKAWEDFLQCTSGESEQVEGGMSKDDGDVERRNLEDLSSTSPTDGTIGKRVSNTRDWAEGSDDIQLDPVVTDVVYHDHGGECTGYGFTSSPERGWSDYTSGANNGNVCLVSDAKMLSYAPEIAVSKEDRETDLVHLENKLSTTGLNPTAVPFTLRNLSDPAKDSPVIAEHYYGLGVKEQNVGPQTSRNVNLDSIKLYTSDDEEADQLEFEDEFAGSSSEVIVGISPEDEEPSSVGGKPNESIGRTIEGQSIRDNLQAKDNKSTDVPGAGPKDSAVKEEPPQKRLPMLAEEFECSGSEDPIIRELLKENSLINCQQGKDAQPPYHWSIERSISPDKTEIVNGAVQTADRQRPGTPMPKSRGIPIKKHHHHHH,https://doi.org/10.1038/s41598-020-76522-3,removed as I (Fan) have a smaller salt concentration record;
IBB,0.15,296.0,7.4,3.2,0.2,GCTNENANTPAARLHRFKNKGKDSTEMRRRRIEVNVELRKAKKDDQMLKRRNVSSFPDDATSPLQENRNNQGTVNWSVDDIVKGINSSNVENQLQATCA,https://doi.org/10.1073/pnas.1704692114,removed for now because something unclear in the sequences;
MAP2c,0.16,293.0,6.9,6.6,1.3,MADERKDEGKAPHWTSASLTEAAAHPHSPEMKDQGGSGEGLSRSANGFPYREEEEGAFGEHGSQGTYSDTKENGINGELTSADRETAEEVSARIVQVVTAEAVAVLKGEQEKEAQHKDQPAALPLAAEETVNLPPSPPPSPASEQTAALEEATSGESAQAPSAFKQAKDKVTDGITKSPEKRSSLPRPSSILPPRRGVSGDREENSFSLNSSISSARRTTRSEPIRRAGKSGTSTPTTPGSTAITPGTPPSYSSRTPGTPGTPSYPRTPGTPKSGILVPSEKKVAIIRTPPKSPATPKQLRLINQPLPDLKNVKSKIGSTDNIKYQPKGGQVQIVTKKIDLSHVTSKCGSLKNIRHRPGGGRVKIESVKLDFKEKAQAKVGSLDNAHHVPGGGNVKIDSQKLNFREHAKARVDHGAEIITQSPSRSSVASPRRLSNVSSSGSINLLESPQLATLAEDVTAALAKQGL,https://doi.org/10.1074/jbc.RA118.001769,changed Rg from 6.7 to 6.6 nm; error from 0.3 to 1.3 nm;
HMPVP_NTD,0.17,293.0,7.5,2.74,0.05,MSFPEGKDILFMGNEAAKLAEAFQKSLRKPSHKRSQSIIGEKVNTVSETLELPTISRPTKP,https://doi.org/10.1038/s41598-017-14448-z,removed for now because there should be a his6 tag and a 3C protease site;
CortactinCRH,0.31,295.0,8.0,4.74,0.07,GPLGSGYGGKFGVEQDRMDKSAVGHEYQSKLSKHCSQVDSVRGFGGKFGVQMDRVDQSAVGFEYQGKTEKHASQKDYSSGFGGKYGVQADRVDKSAVGFDYQGKTEKHESQRDYSKGFGGKYGIDKDKVDKSAVGFEYQGKTEKHESQKDYVKGFGGKFGVQTDRQDKCALGWDHQEKLQLHESQKDYKTGFGGKFGVQSERQDSAAVGFDYKEKLAKHESQQDYSKGFGGKYGVQKDRMDKNASTFEDVTQVSSAYQKTVPVEAVTSKTSNIRANFENLAKEKEQEDRRKAEAERAQRMAKERQEQEEARRKLEEQARAKTQT,https://doi.org/10.1038/s41598-017-16959-1,removed because of a transient helical
MV_NTail,0.01,281.0,8.0,2.7,0.07,TTEDKISRAVGPRQAQVSFLHGDQSENELPRLGGKEDRRVKQSRGEARESYRETGPSRASDARAAHLPTGTPLDIDTASESSQDPQDSRRSADALLRLQAMAGISEEQGSDTDTPIVYNDRNLLD,https://doi.org/10.1074/jbc.M300518200,removed because of too small ionic strength
SMAD_linker,0.17,283.0,7.2,2.99,0.04,GPLPPVLVPRHTEILTELPPLDDYTHSIPENTNFPAGIEPQSNYIPETPPPGYISEDGETSDQQLNQSMDTGSPAELSPTTLSPVNHSLD,https://doi.org/10.1016%2Fj.csbj.2021.09.009,removed as I (Fan) could not find the corresponding data in the article. I have recollected the data;
MV_PNTD,0.2,293.0,6.0,2.9,0.1,MAEEQARHVKNGLECIRALKAEPIGSLAIEEAMAAWSEISDNPGQERATCREEKAGSSGLSKPCLSAIGSTEGGAPRIRGQGPGESDDDAETLGIPPRNL,https://doi.org/10.1021/jacs.1c06264,removed as it might his tags and unclear labelling process;
HeV_PNT3_CTD_3Y3A,0.12,293.0,7.2,2.73,0.02,MSYYHHHHHHLESTSLYKKAGFTPTEEPPVIPEAAAGSGRRGDLSKSPPRGNVNLDSIKIYTSDDEDENQLEYEDEF,https://doi.org/10.3390/ijms24010399,checked
ERM,0.23,293.0,8.0,3.96,0.07,MDGFYDQQVPFMVPGKSRSEECRGRPVIDRKRKFLDTDLAHDSEELFQDLSQLQEAWLAEAQVPDDEQFVPDFQSDNLVLHAPPPTKIKRELHSPSSELSSCSHEQALGANYGEKCLYNYCA,https://doi.org/10.1016/j.bbrc.2010.07.049,"removed because the sequence might have a his6 tag, which is unclear in the article."
CTCF_RD,0.28,283.0,8.0,3.2,0.2,SAERRNSILTETLHRFSLEGDAPVSWTETKKQSFKQTGEFGEKRKNSILNPINSIRKFSIVQKTPLQMNGIEEDSDEPLERRLSLVPDSEQGEAILPRISVISTGPTLQARRRQSVLNLMTHSVNQGQNIHRKTTASTRKVSLAPQANLTELDIYSRRLSQETGLEISEEINEEDLKECFFDDME,https://doi.org/10.1007/s00018-012-1172-5,"removed because of three reasons. 1. Maybe there are some transient secondary structures according to the article; 2.the sequence could have His6 tag, but I (Fan) am not sure; 3. Phe833 might be mutated into Leu833 to cope with protein instability. "
IB5,0.05,293.0,5.5,2.7,0.1,SPPGKPQGPPQQEGNKPQGPPPPGKPQGPPPAGGNPQQPQAPPAGKPQGPPPPPQGGRPPRPAQGQQPPQ,https://doi.org/10.1016%2Fj.bpj.2010.04.050,removed because of too small ionic strength
lambdaN,0.11,293.0,7.0,3.8,0.35,MDAQTRRRERRAEKQAQWKAANPLLVGVSAKPVNRPILSLNRKPKSRVESALNPIDLTVLAEYHKQIESNLQRIERKNQRTWYSKPGERGITCSGRQKIKGKSIPLI,https://doi.org/10.1002/pro.739,changed Rg error from 0.3 to 0.35 nm
UL11,0.11,277.0,7.5,2.4,0.2,MGLSFSGTRPCCCRNNVLITDDGEVVSLTAHDFDVVDIESEEEGNFYVPPDMRGVTRAPGRQRLRSSDPPSRHTHRRTPGGACPATQFPPPMSDSEWSHPQFEK,https://doi.org/10.1128/mbio.00810-20,checked
HeV_PNT3_CTD,0.12,293.0,7.2,2.75,0.014,MSYYHHHHHHLESTSLYKKAGFTPTEEPPVIPEYYYGSGRRGDLSKSPPRGNVNLDSIKIYTSDDEDENQLEYEDEF,https://doi.org/10.3390/ijms24010399,changed Rg error from 0.01 to 0.014 nm
II1_ng,0.05,293.0,5.5,4.0,0.1,GKPVGRRPQGGNQPQRPPPPPGKPQGPPPQGGNQSQGPPPPPGKPEGRPPQGRNQSQGPPPHPGKPERPPPQGGNQSQGTPPPPGKPERPPPQGGNQSHRPPPPPGKPERPPPQGGNQSRGPPPHRGKPEGPPPQEGNKSR,https://doi.org/10.1016%2Fj.bpj.2010.04.050,removed as salt is too small
P300,0.17,293.0,7.5,3.3,0.1,MRGSHHHHHHGMASMTGGQQMGRDLYDDDDKDHPSTISPLKPGTVSQQALQNLLRTLRSPSSPLQQQQVLSILHANPQLLAAFIKQRAAKYANSNPQPIPGQPGMPQGQPGLQPPTMPGQQGVHSNPAMQNMNPMQAGVQR,https://doi.org/10.1021/jacs.5b06027,changed Rg from 3.0 to 3.3 nm
AN16,0.15,293.0,7.0,5.0,0.5,MHHHHHHPGAPAQTPSSQYGAPAQTPSSQYGAPAQTPSSQYGAPAQTPSSQYGAPAQTPSSQYGAPAQTPSSQYGAPAQTPSSQYGAPAQTPSSQYGAPAQTPSSQYGAPAQTPSSQYGAPAQTPSSQYGAPAQTPSSQYGAPAQTPSSQYGAPAQTPSSQYGAPAQTPSSQYGAPAQTPSSQYV,https://doi.org/10.1529/biophysj.107.119107,removed because no experimental conditions are validated. Better not use;
NUL,0.15,296.0,7.4,3.0,0.3,GCGFKGFDTSSSSSNSAASSSFKFGVSSSSSGPSQTLTSTGNFKFGDQGGFKIGVSSDSGSINPMSEGFKFSKPIGDFKFGVSSESKPEEVKKDSKNDNFKFGLSSGLSNPVCA,https://doi.org/10.1073/pnas.1704692114,removed for now because something unclear in the sequences;
LOXPP,0.15,293.0,7.4,3.7,0.04,APLAAGQQQPPREPPAAPGAWRQQIQWENNGQVFSLLSLGSQYQPQRRRDPGAAVPGAANASAQQPRTPILLIRDNRTAAARTRTAGSSGVTAGRPRPTARHWFQAGYSTSRAREAGASRAENQTAPGEVPALSNLRPPSRVDGMVG,https://doi.org/10.1038/s41598-018-30190-6,"removed for now but we can add it later on because I (Fan) am not sure if it has a FLAG tag at the C-terminal. Also there should be a P24L substitution, which I have already changed in-place."
ERNTD_S118D,0.15,277.0,7.4,3.69,0.01,MTMTLHTKASGMALLHQIQGNELEPLNRPQLKIPLERPLGEVYLDSSKPAVYNYPEGAAYEFNAAAAANAQVYGQTGLPYGPGSEAAAFGSNGIGGFPPLNSVSPSPLMLLHPPPQLDPFLQPHGQQVPYYLENEPSGYTVREAGPPAFYRPNSDNRRQGGRERLASTNDKGSMAMESAKETRY,https://doi.org/10.1101/2023.07.14.548966,removed as buffer condition unclear; Maybe we can add it later on
ERNTD_S118A,0.15,277.0,7.4,3.4,0.02,MTMTLHTKASGMALLHQIQGNELEPLNRPQLKIPLERPLGEVYLDSSKPAVYNYPEGAAYEFNAAAAANAQVYGQTGLPYGPGSEAAAFGSNGIGGFPPLNSVSPSPLMLLHPPPQLAPFLQPHGQQVPYYLENEPSGYTVREAGPPAFYRPNSDNRRQGGRERLASTNDKGSMAMESAKETRY,https://doi.org/10.1101/2023.07.14.548966,removed as buffer condition unclear; Maybe we can add it later on
Eralpha_NTD,0.1,283.0,7.4,3.0,0.12,SNAMTMTLHTKASGMALLHQIQGNELEPLNRPQLKIPLERPLGEVYLDSSKPAVYNYPEGAAYEFNAAAAANAQVYGQTGLPYGPGSEAAAFGSNGLGGFPPLNSVSPSPLMLLHPPPQLSPFLQPHGQQVPYYLENEPSGYTVREAGPPAFYRPNSDNRRQGGRERLASTNDKGSMAMESAKETRY,https://doi.org/10.1016/j.str.2018.10.026,removed because the salt concentration is not consistent between the reported values in the article and SASBDB website. Change expRgErr from 0.2 to 0.12 based on SAXS data;
ERNTD_WT,0.15,277.0,7.4,3.39,0.02,MTMTLHTKASGMALLHQIQGNELEPLNRPQLKIPLERPLGEVYLDSSKPAVYNYPEGAAYEFNAAAAANAQVYGQTGLPYGPGSEAAAFGSNGIGGFPPLNSVSPSPLMLLHPPPQLSPFLQPHGQQVPYYLENEPSGYTVREAGPPAFYRPNSDNRRQGGRERLASTNDKGSMAMESAKETRY,https://doi.org/10.1101/2023.07.14.548966,removed as buffer condition unclear; Maybe we can add it later on
Nup153_82,0.15,296.0,7.4,2.4,0.5,GCPSASPAFGANQTPTFGQSQGASQPNPPGFSISSSTALFPTGSQPAPPTFGTVSSSSQPPVFGQQPSQSAFGSTTPNA,https://doi.org/10.1021/acs.jpcb.5b03440,removed because of the same problem of AcF;
NUS,0.15,296.0,7.4,2.5,0.1,GCPSASPAFGANQTPTFGQSQGASQPNPPGFGSISSSTALFPTGSQPAPPTFGTVSSSSQPPVFGQQPSQSAFGSGTTPNCA,https://doi.org/10.1073/pnas.1704692114,removed for now because something unclear in the sequences;
GRB14_PIR,0.13,293.0,8.0,2.6,0.1,SVSPMRSVSENSLVAMDFSGQKTRVIDNPTEALSVAVEEGLAWRKKGCLRLGNHGSPTAPSQSSAVNMALHRSQ,https://doi.org/10.1529/biophysj.104.048645,sequence is changed into the correct one;
Nsp1,0.15,296.0,7.4,4.1,0.3,GCNFNTPQQNKTPFSFGTANNNSNTTNQNSSTGAGAFGTGQSTFGFNNSAPNNTNNANSSITPAFGSNNTGNTAFGNSNPTSNVFGSNNSTTNTFGSNSAGTSLFGSSSAQQTKSNGTAGGNTFGSSSLFNNSTNSNTTKPAFGGLNFGGGNNTTPSSTGNANTSNNLFGATANANCA,https://doi.org/10.1073/pnas.1704692114,removed for now because something unclear in the sequences;
RpII215_CTD,0.17,293.0,7.5,5.2,0.1,SPSYSPTSPNYTASSPGGASPNYSPSSPNYSPTSPLYASPRYASTTPNFNPQSTGYSPSSSGYSPTSPVYSPTVQFQSSPSFAGSGSNIYSPGNAYSPSSSNYSPNSPSYSPTSPSYSPSSPSYSPTSPCYSPTSPSYSPTSPNYTPVTPSYSPTSPNYSASPQYSPASPAYSQTGVKYSPTSPTYSPPSPSYDGSPGSPQYTPGSPQYSPASPKYSPTSPLYSPSSPQHSPSNQYSPTGSTYSATSPRYSPNMSIYSPSSTKYSPTSPTYTPTARNYSPTSPMYSPTAPSHYSPTSPAYSPSSPTFEESED,https://doi.org/10.1038/ncomms15231,removed because the N-terminal sequence coding a folded protein (MBP)
RpII215_CTD2,0.117,296,7.5,2.8,0.07,YSPGNAYSPSSSNYSPNSPSYSPTSPSYSPSSPSYSPTSPCYSPTSPSYSPTSPNYTPVTPSYSPTSPNYSASPQ,https://doi.org/10.1038/ncomms15233,removed because of duplicated sequences of RpII215_CTD and CTD2; changed salt from 0.12 to 0.117; temperature from 293 to 296; 
Nup49,0.15,296.0,7.4,1.6,0.1,GCQTSRGLFGNNNTNNINNSSSGMNNASAGLFGSKPCA,https://doi.org/10.1073/pnas.1704692114,removed for now because something unclear in the sequences;
redsfAFPH32W,0.15,293,7.4,2.32,0.02,CKGADGAHGVNGCPGTAGAAGSVGGPGCDGGWGGNGGNGNPGCAGGVGGAGGASGGTGVGGRGGKGGSGTPKGADGAPGAP,https://doi.org/10.1073/pnas.1609579114,removed as we have clearer data regarding the same protein;
TRF2_BR,0.15,277.0,7.0,1.65,0.05,GPPGSMAGGGGSSDGSGRAAGRRASRSSGRARRGRHEPGLGGPAERGAG,https://doi.org/10.1093/nar/gkx812,changed Rg from 1.7 to 1.65 nm; error from 0.2 to 0.05 nm;
N98,0.15,296.0,7.4,2.9,0.1,GCFNKSFGTPFGGGTGGFGTTSTFGQNTGFGTTSGGAFGTSAFGSSNNTGGLFGNSQTKPGGLFGTSSFSQPATSTSTGFGFGTSTGTANTLFGTASTGTSLFSSQNNAFAQNKPTGFGNFGTSTSSGGLFGTTNTTSNPFGSTSGSLFGPCA,https://doi.org/10.1073/pnas.1704692114,removed for now because something unclear in the sequences;