,ionic,temp,pH,expRg,expRgErr,fasta,doi,N
tau35,0.15,293.2,7.4,4.64,0.1,EPPKSGDRSGYSSPGSPGTPGSRSRTPSLPTPPTREPKKVAVVRTPPKSPSSAKSRLQTAPVPMPDLKNVKSKIGSTENLKHQPGGGKVQIINKKLDLSNVQSKCGSKDNIKHVPGGGSVQIVYKPVDLSKVTSKCGSLGNIHHKPGGGQVEVKSEKLDFKDRVQSKIGSLDNITHVPGGGNKKIETHKLTFRENAKAKTDHGAEIVYKSPVVSGDTSPRHLSNVSSTGSIDMVDSPQLATLADEVSASLAKQGL,https://doi.org/10.3389/fmolb.2021.779240,255
CAHSD,0.07,293.0,7.0,4.84,0.2,MSGRNVESHMERNEKVVVNNSGHADVKKQQQQVEHTEFTHTEVKAPLIHPAPPIISTGAAGLAEEIVGQGFTASAARISGGTAEVHLQPSAAMTEEARRDQERYRQEQESIAKQQEREMEKKTEAYRKTAEAEAEKIRKELEKQHARDVEFRKDLIESTIDRQKREVDLEAKMAKRELDREGQLAKEALERSRLATNVEVNFDSAAGHTVSGGTTVSTSDKMEIKRN,https://doi.org/10.1101/2021.08.16.456555,227
GHRICD,0.35,298.0,7.3,6.0,0.5,SKQQRIKMLILPPVPVPKIKGIDPDLLKEGKLEEVNTILAIHDSYKPEFHSDDSWVEFIELDIDEPDEKTEESDTDRLLSSDHEKSHSNLGVKDGDSGRTSCCEPDILETDFNANDIHEGTSEVAQPQRLKGEADLLCLDQKNQNNSPYHDACPATQQPSVIQAEKNKPQPLPTEGAESTHQAAHIQLSNPSSLSNIDFYAQVSDITPAGSVVLSPGQKNKAGMSQCDMHPEMVSLCQENFLMDNAYFCEADAKKCIPVAPHIKVESHIQPSLNQEDIYITTESLTTAAGRPGTGEHVPGSEMPVPDYTSIHIVQSPQGLILNATALPLPDKEFLSSCGYVSTDQLNKIMP,https://doi.org/10.1186/s12964-020-00626-6,351
p532070,0.1,277.0,7.0,2.39,0.05,GPGSDLWKLLPENNVLSPLPSQAMDDLMLSPDDIEQWFTEDPGPDEAPRMPEAALEHHHHHH,https://doi.org/10.1038/s41467-021-21258-5,62
Ash1,0.15,293.0,7.5,2.9,0.05,SASSSPSPSTPTKSGKMRSRSSSPVRPKAYTPSPRSPNYHRFALDSPPQSPRRSSNSSITKKGSRRSSGSSPTRHTTRVCV,https://doi.org/10.1021/jacs.6b10272,81
CTD2,0.12,293.0,7.5,2.614,0.05,FAGSGSNIYSPGNAYSPSSSNYSPNSPSYSPTSPSYSPSSPSYSPTSPCYSPTSPSYSPTSPNYTPVTPSYSPTSPNYSASPQ,https://doi.org/10.1371/journal.pcbi.1008939,83
ColNT,0.433,277.0,7.6,2.8,0.033,MGSNGADNAHNNAFGGGKNPGIGNTSGAGSNGSASSNRGNSNGWSWSNKPHKNDGFHSDGSYHITFHGDNNSKPKPGGNSGNRGNNGDGASSHHHHHH,https://doi.org/10.1016/j.bpj.2017.08.030,98
hNL3cyt,0.3,293.0,8.5,3.15,0.2,MYRKDKRRQEPLRQPSPQRGAWAPELGAAPEEELAALQLGPTHHECEAGPPHDTLRLTALPDYTLTLRRSPDDIPLMTPNTITMIPNSLVGLQTLHPYNTFAAGFNSTGLPHSHSTTRV,https://doi.org/10.1529/biophysj.107.126995,119
SH4UD,0.216,293.15,8.0,2.71,0.04,MGSNKSKPKDASQRRRSLEPAENVHGAGGGAFPASQTPSKPASADGHRGPSAAFAPAAAEPKLFGGFNSSDTVTSPQRAGPLAGGSAWSHPQFEK,https://doi.org/10.1073/pnas.1907251116,95
Sic1,0.2,293.0,7.5,3.0,0.4,GSMTPSTPPRSRGTRYLAQPSGNTSSSALMQGQKTPQKPSQNLVPVTPSTTKSFKNAPLLAPPNSNMGMTSPFNGLTSPQRSPFPKSSVKRT,https://doi.org/10.1021/jacs.0c02088,92
FhuA,0.15,298.0,7.5,3.34,0.1,SESAWGPAATIAARQSATGTKTDTPIQKVPQSISVVTAEEMALHQPKSVKEALSYTPGVSVGTRGASNTYDHLIIRGFAAEGQSQNNYLNGLKLQGNFYNDAVIDPYMLERAEIMRGPVSVLYGKSSPGGLLNMVSKRPTTEPL,https://doi.org/10.1126/science.aan5774,144
K10,0.15,288.0,7.4,4.0,0.1,MQTAPVPMPDLKNVKSKIGSTENLKHQPGGGKVQIVYKPVDLSKVTSKCGSLGNIHHKPGGGQVEVKSEKLDFKDRVQSKIGSLDNITHVPGGGNKKIETHKLTFRENAKAKTDHGAEIVYKSPVVSGDTSPRHLSNVSSTGSIDMVDSPQLATLADEVSASLAKQGL,https://doi.org/10.1021/bi800900d,168
K27,0.15,288.0,7.4,3.7,0.2,MSSPGSPGTPGSRSRTPSLPTPPTREPKKVAVVRTPPKSPSSAKSRLQTAPVPMPDLKNVKSKIGSTENLKHQPGGGKVQIVYKPVDLSKVTSKCGSLGNIHHKPGGGQVEVKSEKLDFKDRVQSKIGSLDNITHVPGGGNKKIETHKLTFRENAKAKTDHGAEIVY,https://doi.org/10.1021/bi800900d,167
K25,0.15,288.0,7.4,4.1,0.2,MAEPRQEFEVMEDHAGTYGLGDRKDQGGYTMHQDQEGDTDAGLKAEEAGIGDTPSLEDEAAGHVTQARMVSKSKDGTGSDDKKAKGADGKTKIATPRGAAPPGQKGQANATRIPAKTPPAPKTPPSSGEPPKSGDRSGYSSPGSPGTPGSRSRTPSLPTPPTREPKKVAVVRTPPKSPSSAKSRL,https://doi.org/10.1021/bi800900d,185
K32,0.15,288.0,7.4,4.2,0.3,MSSPGSPGTPGSRSRTPSLPTPPTREPKKVAVVRTPPKSPSSAKSRLQTAPVPMPDLKNVKSKIGSTENLKHQPGGGKVQIINKKLDLSNVQSKCGSKDNIKHVPGGGSVQIVYKPVDLSKVTSKCGSLGNIHHKPGGGQVEVKSEKLDFKDRVQSKIGSLDNITHVPGGGNKKIETHKLTFRENAKAKTDHGAEIVY,https://doi.org/10.1021/bi800900d,198
K23,0.15,288.0,7.4,4.9,0.2,MAEPRQEFEVMEDHAGTYGLGDRKDQGGYTMHQDQEGDTDAGLKAEEAGIGDTPSLEDEAAGHVTQARMVSKSKDGTGSDDKKAKGADGKTKIATPRGAAPPGQKGQANATRIPAKTPPAPKTPPSSGEPPKSGDRSGYSSPGSPGTPGSRSRTPSLPTPPTREPKKVAVVRTPPKSPSSAKSRLTHKLTFRENAKAKTDHGAEIVYKSPVVSGDTSPRHLSNVSSTGSIDMVDSPQLATLADEVSASLAKQGL,https://doi.org/10.1021/bi800900d,254
K44,0.15,288.0,7.4,5.2,0.2,MAEPRQEFEVMEDHAGTYGLGDRKDQGGYTMHQDQEGDTDAGLKAEEAGIGDTPSLEDEAAGHVTQARMVSKSKDGTGSDDKKAKGADGKTKIATPRGAAPPGQKGQANATRIPAKTPPAPKTPPSSGEPPKSGDRSGYSSPGSPGTPGSRSRTPSLPTPPTREPKKVAVVRTPPKSPSSAKSRLQTAPVPMPDLKNVKSKIGSTENLKHQPGGGKVQIVYKPVDLSKVTSKCGSLGNIHHKPGGGQVEVKSEKLDFKDRVQSKIGSLDNITHVPGGGNKKIE,https://doi.org/10.1021/bi800900d,283
A1,0.15,298.0,7.0,2.76,0.02,GSMASASSSQRGRSGSGNFGGGRGGGFGGNDNFGRGGNFSGRGGFGGSRGGGGYGGSGDGYNGFGNDGSNFGGGGSYNDFGNYNNQSSNFGPMKGGNFGGRSSGGSGGGGQYFAKPRNQGGYGGSSSSSSYGSGRRF,https://doi.org/10.1038/s41557-021-00840-w,137
M12FP12Y,0.15,298.0,7.0,2.6,0.02,GSMASASSSQRGRSGSGNYGGGRGGGYGGNDNYGRGGNYSGRGGYGGSRGGGGYGGSGDGYNGYGNDGSNYGGGGSYNDYGNYNNQSSNYGPMKGGNYGGRSSGGSGGGGQYYAKPRNQGGYGGSSSSSSYGSGRRY,https://doi.org/10.1038/s41557-021-00840-w,137
P7FM7Y,0.15,298.0,7.0,2.72,0.01,GSMASASSSQRGRSGSGNFGGGRGGGFGGNDNFGRGGNFSGRGGFGGSRGGGGFGGSGDGFNGFGNDGSNFGGGGSFNDFGNFNNQSSNFGPMKGGNFGGRSSGGSGGGGQFFAKPRNQGGFGGSSSSSSFGSGRRF,https://doi.org/10.1038/s41557-021-00840-w,137
M9FP6Y,0.15,298.0,7.0,2.66,0.01,GSMASASSSQRGRSGSGNFGGGRGGGYGGNDNYGRGGNYSGRGGFGGSRGGGGYGGSGDGYNGGGNDGSNYGGGGSYNDSGNYNNQSSNFGPMKGGNYGGRSSGGSGGGGQYGAKPRNQGGYGGSSSSSSYGSGRRY,https://doi.org/10.1038/s41557-021-00840-w,137
M8FP4Y,0.15,298.0,7.0,2.71,0.01,GSMASASSSQRGRSGSGNFGGGRGGGYGGNDNGGRGGNYSGRGGFGGSRGGGGYGGSGDGYNGGGNDGSNYGGGGSYNDSGNYNNQSSNFGPMKGGNYGGRSSGGSGGGGQYGAKPRNQGGYGGSSSSSSYGSGRRF,https://doi.org/10.1038/s41557-021-00840-w,137
M9FP3Y,0.15,298.0,7.0,2.68,0.01,GSMASASSSQRGRSGSGNFGGGRGGGYGGNDNGGRGGNYSGRGGFGGSRGGGGYGGSGDGYNGGGNDGSNYGGGGSYNDSGNGNNQSSNFGPMKGGNYGGRSSGGSGGGGQYGAKPRNQGGYGGSSSSSSYGSGRRS,https://doi.org/10.1038/s41557-021-00840-w,137
M10R,0.15,298.0,7.0,2.67,0.01,GSMASASSSQGGSSGSGNFGGGGGGGFGGNDNFGGGGNFSGSGGFGGSGGGGGYGGSGDGYNGFGNDGSNFGGGGSYNDFGNYNNQSSNFGPMKGGNFGGSSSGPYGGGGQYFAKPGNQGGYGGSSSSSSYGSGGGF,https://doi.org/10.1038/s41557-021-00840-w,137
M6R,0.15,298.0,7.0,2.57,0.01,GSMASASSSQGGRSGSGNFGGGRGGGFGGNDNFGGGGNFSGSGGFGGSRGGGGYGGSGDGYNGFGNDGSNFGGGGSYNDFGNYNNQSSNFGPMKGGNFGGSSSGPYGGGGQYFAKPGNQGGYGGSSSSSSYGSGGRF,https://doi.org/10.1038/s41557-021-00840-w,137
P2R,0.15,298.0,7.0,2.62,0.02,GSMASASSSQRGRSGSGNFGGGRGGGFGGNDNFGRGGNFSGRGGFGGSRGGGGYGGSGDGYNGFRNDGSNFGGGGRYNDFGNYNNQSSNFGPMKGGNFGGRSSGPYGGGGQYFAKPRNQGGYGGSSSSSSYGSGRRF,https://doi.org/10.1038/s41557-021-00840-w,137
P7R,0.15,298.0,7.0,2.71,0.01,GSMASASSSQRGRSGRGNFGGGRGGGFGGNDNFGRGGNFSGRGGFGGSRGGGRYGGSGDRYNGFGNDGRNFGGGGSYNDFGNYNNQSSNFGPMKGGNFRGRSSGPYGRGGQYFAKPRNQGGYGGSSSSRSYGSGRRF,https://doi.org/10.1038/s41557-021-00840-w,137
M3RP3K,0.15,298.0,7.0,2.63,0.02,GSMASASSSQRGKSGSGNFGGGRGGGFGGNDNFGRGGNFSGRGGFGGSKGGGGYGGSGDGYNGFGNDGSNFGGGGSYNDFGNYNNQSSNFGPMKGGNFGGRSSGGSGGGGQYFAKPRNQGGYGGSSSSSSYGSGRKF,https://doi.org/10.1038/s41557-021-00840-w,137
M6RP6K,0.15,298.0,7.0,2.79,0.01,GSMASASSSQKGKSGSGNFGGGRGGGFGGNDNFGKGGNFSGRGGFGGSKGGGGYGGSGDGYNGFGNDGSNFGGGGSYNDFGNYNNQSSNFGPMKGGNFGGKSSGGSGGGGQYFAKPRNQGGYGGSSSSSSYGSGRKF,https://doi.org/10.1038/s41557-021-00840-w,137
M10RP10K,0.15,298.0,7.0,2.85,0.01,GSMASASSSQKGKSGSGNFGGGKGGGFGGNDNFGKGGNFSGKGGFGGSKGGGGYGGSGDGYNGFGNDGSNFGGGGSYNDFGNYNNQSSNFGPMKGGNFGGKSSGGSGGGGQYFAKPKNQGGYGGSSSSSSYGSGKKF,https://doi.org/10.1038/s41557-021-00840-w,137
M4D,0.15,298.0,7.0,2.64,0.01,GSMASASSSQRGRSGSGNFGGGRGGGFGGNGNFGRGGNFSGRGGFGGSRGGGGYGGSGGGYNGFGNSGSNFGGGGSYNGFGNYNNQSSNFGPMKGGNFGGRSSGPYGGGGQYFAKPRNQGGYGGSSSSSSYGSGRRF,https://doi.org/10.1038/s41557-021-00840-w,137
P4D,0.15,298.0,7.0,2.72,0.03,GSMASASSSQRDRSGSGNFGGGRGGGFGGNDNFGRGGNFSGRGDFGGSRGGGGYGGSGDGYNGFGNDGSNFGGGGSYNDFGNYNNQSSNFGPMKGGNFGGRSSDPYGGGGQYFAKPRNQGGYGGSSSSSSYDSGRRF,https://doi.org/10.1038/s41557-021-00840-w,137
P8D,0.15,298.0,7.0,2.69,0.01,GSMASASSSQRDRSGSGNFGGGRDGGFGGNDNFGRGDNFSGRGDFGGSRDGGGYGGSGDGYNGFGNDGSNFGGGGSYNDFGNYNNQSSNFGPMKGGNFGGRSSDPYGGGGQYFAKPRNQDGYGGSSSSSSYDSGRRF,https://doi.org/10.1038/s41557-021-00840-w,137
P12D,0.15,298.0,7.0,2.8,0.01,GSMASADSSQRDRDDSGNFGDGRGGGFGGNDNFGRGGNFSDRGGFGGSRGDGGYGGDGDGYNGFGNDGSNFGGGGSYNDFGNYNNQSSNFDPMKGGNFGDRSSGPYDGGGQYFAKPRNQGGYGGSSSSSSYGSDRRF,https://doi.org/10.1038/s41557-021-00840-w,137
P12E,0.15,298.0,7.0,2.85,0.01,GSMASAESSQREREESGNFGEGRGGGFGGNDNFGRGGNFSERGGFGGSRGEGGYGGEGDGYNGFGNDGSNFGGGGSYNDFGNYNNQSSNFEPMKGGNFGERSSGPYEGGGQYFAKPRNQGGYGGSSSSSSYGSERRF,https://doi.org/10.1038/s41557-021-00840-w,137
P7KP12D,0.15,298.0,7.0,2.92,0.01,GSMASADSSQRDRDDKGNFGDGRGGGFGGNDNFGRGGNFSDRGGFGGSRGDGKYGGDGDKYNGFGNDGKNFGGGGSYNDFGNYNNQSSNFDPMKGGNFKDRSSGPYDKGGQYFAKPRNQGGYGGSSSSKSYGSDRRF,https://doi.org/10.1038/s41557-021-00840-w,137
P7KP12Db,0.15,298.0,7.0,2.56,0.01,GSMASAKSSQRDRDDDGNFGKGRGGGFGGNKNFGRGGNFSKRGGFGGSRGKGKYGGKGDDYNGFGNDGDNFGGGGSYNDFGNYNNQSSNFDPMDGGNFDDRSSGPYDDGGQYFADPRNQGGYGGSSSSKSYGSKRRF,https://doi.org/10.1038/s41557-021-00840-w,137
M12FP12YM10R,0.15,298.0,7.0,2.61,0.02,GSMASASSSQGGSSGSGNYGGGGGGGYGGNDNYGGGGNYSGSGGYGGSGGGGGYGGSGDGYNGYGNDGSNYGGGGSYNDYGNYNNQSSNYGPMKGGNYGGSSSGPYGGGGQYYAKPGNQGGYGGSSSSSSYGSGGGY,https://doi.org/10.1038/s41557-021-00840-w,137
M10FP7RP12D,0.15,298.0,7.0,2.86,0.01,GSMASADSSQRDRDDRGNFGDGRGGGGGGNDNFGRGGNGSDRGGGGGSRGDGRYGGDGDRYNGGGNDGRNGGGGGSYNDGGNYNNQSSNGDPMKGGNGRDRSSGPYDRGGQYGAKPRNQGGYGGSSSSRSYGSDRRG,https://doi.org/10.1038/s41557-021-00840-w,137
Hst5,0.15,293.0,7.5,1.38,0.05,DSHAKRHHGYKRKFHEKHHSHRGY,https://doi.org/10.1021/acs.jctc.8b01281,24
Hst52,0.15,298.0,7.0,1.87,0.05,DSHAKRHHGYKRKFHEKHHSHRGYDSHAKRHHGYKRKFHEKHHSHRGY,https://doi.org/10.1021/acs.jpcb.0c09635,48
aSyn140,0.2,293.0,7.4,3.55,0.1,MDVFMKGLSKAKEGVVAAAEKTKQGVAEAAGKTKEGVLYVGSKTKEGVVHGVATVAEKTKEQVTNVGGAVVTGVTAVAQKTVEGAGSIAAATGFVKKDQLGKNEEGAPQEGILEDMPVDPDNEAYEMPSEEGYQDYEPEA,https://doi.org/10.3389/fmolb.2021.654333,140
ACTR,0.2,278.0,7.4,2.63,0.1,GTQNRPLLRNSLDDLVGPPSNLEGQSDERALLDQLHTLLSNTDATGLEEIDRALGIPELVNQGQALEPKQD,https://doi.org/10.1002/pro.435,71
RNaseA,0.15,298.0,7.5,3.36,0.1,KETAAAKFERQHMDSSTSAASSSNYCNQMMKSRNLTKDRCKPVNTFVHESLADVQAVCSQKNVACKNGQTNCYQSYSTMSITDCRETGSSKYPNCAYKTTQANKHIIVACEGNPYVPVHFDASV,https://doi.org/10.1126/science.aan5774,124
p15PAF,0.15,298.0,7.0,2.81,0.1,MVRTKADSVPGTYRKVVAARAPRKVLGSSTSATNSTSVSSRKAENKYAGGNPVCVRPTPKWQKGIGEFFRLSPKDSEKENQIPEEAGSSGLGKAKRKACPLQPDHTNDEKE,https://doi.org/10.1016/j.bpj.2013.12.046,111
CoRNID,0.192,293.15,7.5,4.7,0.2,GPHMQVPRTHRLITLADHICQIITQDFARNQVPSQASTSTFQTSPSALSSTPVRTKTSSRYSPESQSQTVLHPRPGPRVSPENLVDKSRGSRPGKSPERSHIPSEPYEPISPPQGPAVHEKQDSMLLLSQRGVDPAEQRSDSRSPGSISYLPSFFTKLESTSPMVKSKKQEIFRKLNSSGGGDSDMAAAQPGTEIFNLPAVTTSGAVSSRSHSFADPASNLGLEDIIRKALMGSFDDKVEDHGVVMSHPVGIMPGSASTSVVTSSEARRDE,https://doi.org/10.1016/j.str.2019.05.001,271
PNt,0.15,298.0,7.5,5.11,0.1,DWNNQSIVKTGERQHGIHIQGSDPGGVRTASGTTIKVSGRQAQGILLENPAAELQFRNGSVTSSGQLSDDGIRRFLGTVTVKAGKLVADHATLANVGDTWDDDGIALYVAGEQAQASIADSTLQGAGGVQIERGANVTVQRSAIVDGGLHIGALQSLQPEDLPPSRVVLRDTNVTAVPASGAPAAVSVLGASELTLDGGHITGGRAAGVAAMQGAVVHLQRATIRRGEALAGGAVPGGAVPGGAVPGGFGPGGFGPVLDGWYGVDVSGSSVELAQSIVEAPELGAAIRVGRGARVTVPGGSLSAPHGNVIETGGARRFAPQAAPLSITLQAGAH,https://doi.org/10.1073/pnas.2003773117,334
PNtS1,0.15,298.0,7.5,4.92,0.1,DWNNQSIVKTGERQHGIHIQGSDPGGVRTASGTTIKVSGRQAQGILLENPAAELQFRNGSVTSSGQKSDDGIRRFLGTVTVLAGKLVADHATLANVGDTWDDDGIALYVAGEQAQASIADSTLQGAGGVQIERGANVTVQRSAIVLGGLHIGALQSLQPEDDPPSRVVLRDTNVTAVPASGAPAAVSVLGASLLTLDGGHITGGRAAGVAAMQGAVVHEQRATIRRGEALAGGAVPGGAVPGGAVPGGFGPGGFGPVLDGWYGVDVSGSSVELAQSIVEAPELGAAIRVGRGARVTVPGGSLSAPHGNVIETGGARRFAPQAAPLSITLQAGAH,https://doi.org/10.1073/pnas.2003773117,334
PNtS4,0.15,298.0,7.5,5.34,0.1,DWNNQSIVKTGERQHGIHIQGSDPGGVRTASGTTIKVSGRQAQGILLENPAAELQFRNGSVTSSGQLSFVGITRDLGRDTVKAGKLVADHATLANVGDTWDDDGIALYVAGEQAQASIADSTLQGAGGVQIERGADVRVQREAIVDGGLHNGALQSLQPSILPPSTVVLRDTNVTAVPASGAPAAVLVSGASGLRLDGGHIHEGRAAGVAAMQGAVVTLQTATIRRGEALAGGAVPGGAVPGGAVPGGFGPGGFGPVLDGWYGVDVSGSSVELAQSIVEAPELGAAIRVGRGARVTVPGGSLSAPHGNVIETGGARRFAPQAAPLSITLQAGAH,https://doi.org/10.1073/pnas.2003773117,334
PNtS5,0.15,298.0,7.5,4.87,0.1,DWNNQSIVKTGERQHGIHIQGSDPGGVRTASGTTIKVSGRQAQGILLENPAAELQFRNGSVTSSGQLSDDGIEDFLGTVTVDAGELVADHATLANVGDTWDDDGIALYVAGEQAQASIADSTLQGAGGVQIEDGANVTVQESAIVDGGLHIGALQSLQPRRLPPSRVVLRKTNVTAVPASGAPAAVSVLGASKLTLRGGHITGGRAAGVAAMQGAVVHLQRATIRRGRALAGGAVPGGAVPGGAVPGGFGPGGFGPVLDGWYGVDVSGSSVELAQSIVEAPELGAAIRVGRGARVTVPGGSLSAPHGNVIETGGARRFAPQAAPLSITLQAGAH,https://doi.org/10.1073/pnas.2003773117,334
PNtS6,0.15,298.0,7.5,5.26,0.1,DWNNQSIVKTGERQHGIHIQGSDPGGVRTASGTTIKVSGRQAQGILLENPAAELQFRNGSVTSSGQLSDRGIDRFLGTVTVEAGKLVADHATLANVGDTWDKDGIALYVAGRQAQASIADSTLQGAGGVQIREGANVTVQRSAIVDGGLHIGALQSLQPERLPPSDVVLRDTNVTAVPASGAPAAVSVLGASRLTLDGGHITGGDAAGVAAMQGAVVHLQRATIERGEALAGGAVPGGAVPGGAVPGGFGPGGFGPVLDGWYGVDVSGSSVELAQSIVEAPELGAAIRVGRGARVTVPGGSLSAPHGNVIETGGARRFAPQAAPLSITLQAGAH,https://doi.org/10.1073/pnas.2003773117,334
MetC,0.167,288.15,7.5,5.16,0.56,GSGGIEGRHAGRQKVQEMKEKFSTIIKAEMPTQSSSPDLPASQAPQQLERIVLYLIENLQKSVDSAETVGGQGMESLMDDGYSSPANTLTLEELAPSPTPALALVPPAPSSVKSSISKSVSVVNVTAARKFQQEHQKQRERDREQLKERTNSTQGVIRQLSSCLSEAETASCILSPASSLSASEAPDTPDPHSNTSPPPSLHTRPSVLHRTLTSTLR,https://doi.org/10.1371/journal.pone.0162950,217
RNaseE603_850,0.274,288.0,7.5,5.26,0.031,ERQQDRRKPRQNNRRDRNERRDTRSERTEGSDNREENRRNRRQAQQQTAETRESRQQAEVTEKARTADEQQAPRRERSRRRNDDKRQAQQEAKALNVEEQSVQETEQEERVRPVQPRRKQRQLNQKVRYEQSVAEEAVVAPVVEETVAAEPIVQEAPAPRTELVKVPLPVVAQTAPEQQEENNADNRDNGGMPRRSRRSPRHLRVSGQRRRRYRDERYPTQSPMPLTVACASPELASGKVWIRYPIVRHHHHHH,https://doi.org/10.1093/nar/gkx1083,254
S4L,0.169,283.15,7.2,3.6,0.31,GAMIDLSGLTLQSNAPSSMMVKDEYVHDFEGQPSLSTEGHSIQTIQHPPSNRASTETYSTPALLAPSESNATSTANFPNIPVASTSQPASILGGSHSEGLLQIASGPQPGQQQNGFTGQPATYHHNSTTTWTGS,https://doi.org/10.1016/j.csbj.2021.09.009,134
ED1,0.153,293.15,7.4,5.42,0.066,GSSHHHHHHSSGLVPRGSHMQIVATNLPPEDQDGSGDDSDNFSGSGAGALQDITLSQQTPSTWKDTQLLTAIPTSPEPTGLEATAASTSTLPAGEGPKEGEAVVLPEVEPGLTAREQEATPRPRETTQLPTTHLASTTTATTAQEPATSHPHRDMQPGHHETSTPAGPSQADLHTPHTEDGGPSATERAAEDGASSQLPAAEGSGEQDFTFETSGENTAVVAVEPDRRNQSPVDQGATGASQGLLDRKEVLGDYKDDDDK,https://doi.org/10.1016/j.mbplus.2021.100081,260
ED2,0.153,293.15,7.4,4.13,0.15,GSSHHHHHHSSGLVPRGSHMESRAELTSDKDMYLDNSSIEEASGVYPIDDDDYASASGSGADEDVESPELTTSRPLPKILLTSAAPKVETTTLNIQNKIPAQTKSPEETDKEKVHLSDSERKMDPAEEDTNVYTEKHSDSLFKRTEDYKDDDDK,https://doi.org/10.1016/j.mbplus.2021.100081,154
S26_45,0.161,298.15,8.0,1.094,0.05,SAYSGLQSSSYLMSARSFPA,https://arxiv.org/abs/2212.01894,20
S45_64,0.161,298.15,8.0,1.221,0.05,YYTSHVQEEQTEVEETIEAT,https://arxiv.org/abs/2212.01894,20
S67_86,0.161,298.15,8.0,1.31,0.05,KAEEAKDEPPSEGEAEEEEK,https://arxiv.org/abs/2212.01894,20
S66_81,0.161,298.15,8.0,1.168,0.05,ATKAEEAKDEPPSEGEA,https://arxiv.org/abs/2212.01894,17
S87_105,0.161,298.15,8.0,1.309,0.05,EKEEGEEEEGAEEEEAAKDE,https://arxiv.org/abs/2212.01894,20
S82_96,0.161,298.15,8.0,1.168,0.05,AEEEEEKEKEEGEEEEGA,https://arxiv.org/abs/2212.01894,18
S106_128,0.161,298.15,8.0,1.248,0.05,SEDTKEEEEGGEGEEEDTKE,https://arxiv.org/abs/2212.01894,20
S110_125,0.161,298.15,8.0,1.164,0.05,TKEEEEGGEGEEEDTKES,https://arxiv.org/abs/2212.01894,18
S129_146,0.161,298.15,8.0,1.267,0.05,SEEEEKKEESAGEEQVAKKKD,https://arxiv.org/abs/2212.01894,21
S130_143,0.161,298.15,8.0,1.093,0.05,SEEEEKKEESAGEEQV,https://arxiv.org/abs/2212.01894,16
cDAXX,0.13,293.0,8.0,4.75,0.05,SPMSSLQISNEKNLEPGKQISRSSGEQQNKGRIVSPSLLSEEPLAPSSIDAESNGEQPEELTLEEESPVSQLFELEIEALPLDTPSSVETDISSSRKQSEEPFTTVLENGAGMVSSTSFNGGVSPHNWGDSGPPCKKSRKEKKQTGSGPLGNSYVERQRSVHEKNGKKICTLPSPPSPLASLAPVADSSTRVDSPSHGLVTSSLCIPSPARLSQTPHSQPPRPGTCKTSVATQCDPEEIIVLSDSD,https://doi.org/10.1021/jacs.9b10066,246
ChiZ164,0.065,293.0,7.0,2.42,0.01,SNAMTPVRPPHTPDPLNLRGPLDGPRWRRAEPAQSRRPGRSRPGGAPLRYHRTGVGMSRTGHGSRPV,https://doi.org/10.3390/biom10060946,67
A1S@S50,0.05,293.0,7.5,2.645,0.02,GSMASASSSQRGRSGSGNFGGGRGGGFGGNDNFGRGGNFSGRGGFGGSRGGGGYGGSGDGYNGFGNDGSNFGGGGNYNNQSSNFGPMKGGNFGGRSSGPYGGGGQYFAKPRNQGGYGGSSSSSSYGSGRRF,https://doi.org/10.1093/nar/gkab063,131
A1S@S150,0.15,293.0,7.5,2.65,0.02,GSMASASSSQRGRSGSGNFGGGRGGGFGGNDNFGRGGNFSGRGGFGGSRGGGGYGGSGDGYNGFGNDGSNFGGGGNYNNQSSNFGPMKGGNFGGRSSGPYGGGGQYFAKPRNQGGYGGSSSSSSYGSGRRF,https://doi.org/10.1093/nar/gkab063,131
A1S@S300,0.3,293.0,7.5,2.62,0.02,GSMASASSSQRGRSGSGNFGGGRGGGFGGNDNFGRGGNFSGRGGFGGSRGGGGYGGSGDGYNGFGNDGSNFGGGGNYNNQSSNFGPMKGGNFGGRSSGPYGGGGQYFAKPRNQGGYGGSSSSSSYGSGRRF,https://doi.org/10.1093/nar/gkab063,131
A1S@S500,0.5,293.0,7.5,2.528,0.02,GSMASASSSQRGRSGSGNFGGGRGGGFGGNDNFGRGGNFSGRGGFGGSRGGGGYGGSGDGYNGFGNDGSNFGGGGNYNNQSSNFGPMKGGNFGGRSSGPYGGGGQYFAKPRNQGGYGGSSSSSSYGSGRRF,https://doi.org/10.1093/nar/gkab063,131
p27Cv14,0.095,293.0,7.2,2.936,0.13,GSHMKGACKSSSPPSNDQGRPGDPKQVIDKTEVERTQDTSNIQETQSANNSGPDKPSRCDLAVSGVAAAALPAPGHANSTARDLTRDEEAGSVEQTPKKPGLRRRQT,https://doi.org/10.1073/pnas.1516277113,107
p27Cv15,0.095,293.0,7.2,2.915,0.1,GSHMKGACIVANSPPDDVKSKEDVPQTDPRLTGGDRDNARASRTGNDPAGASTQSAEVACSNPILSTPDAQEKQAGTSNSKERPHEQLSAGSVEQTPKKPGLRRRQT,https://doi.org/10.1073/pnas.1516277113,107
p27Cv31,0.095,293.0,7.2,2.81,0.18,GSHMKGACKVPAQESQDVSGSRPAAPLIGAPANSEDTHLVDPKTDPSDSQTGLAEQCAGIRKRPATDDSSTQNKRANRTEENVSDGSPNAGSVEQTPKKPGLRRRQT,https://doi.org/10.1073/pnas.1516277113,107
p27Cv44,0.095,293.0,7.2,2.492,0.13,GSHMKGACRKPANAEADSSSCQNVPRGKSKQAPETPTGSPLGDATLNQVKPRRPSSASTNIGQLEDADEDDAEDHVGSAVTSQTIPNDRAGSVEQTPKKPGLRRRQT,https://doi.org/10.1073/pnas.1516277113,107
p27Cv56,0.095,293.0,7.2,2.328,0.1,GSHMKGACGSSVLGTGNPRNQAHVSDTSLEEDDDEQDDSTPDEVSQACTIVASALDINAATPRSPKASPKRKRKRQSTAPAQGNEPPGNAGSVEQTPKKPGLRRRQT,https://doi.org/10.1073/pnas.1516277113,107
p27Cv78,0.095,293.0,7.2,2.211,0.03,GSHMKGACALPSGVVPAEDDDDDEEEEDDQDPAQPQAVQGAAPSSGTNNSQPILPSIAVNSTTGPNSTAGKKKRKRRRTRHSNCATLSSAGSVEQTPKKPGLRRRQT,https://doi.org/10.1073/pnas.1516277113,107
DSS1,0.17,288.0,7.4,2.5,0.1,MSRAALPSLENLEDDDEFEDFATENWPMKDTELDTGDDTLWENNWDDEDIGDDDFSVQLQAELKKKGVAAC,https://doi.org/10.1101/2022.06.11.495732,71
PTMA,0.16,288.0,7.4,3.7,0.2,GPSDAAVDTSSEITTKDLKEKKEVVEEAENGRDAPANGNANEENGEQEADNEVDEEEEEGGEEEEEEEEGDGEEEDGDEDEEAESATGKRAAEDDEDDDVDTKKQKTDEDD,https://doi.org/10.1101/2022.06.11.495732,111
NHE6cmdd,0.17,288.0,7.4,3.2,0.2,GPPLTTTLPACCGPIARCLTSPQAYENQEQLKDDDSDLILNDGDISLTYGDSTVNTEPATSSAPRRFMGNSSEDALDRELAFGDHELVIRGTRLVLPMDDSEPPLNLLDNTRHGPA,https://doi.org/10.1101/2022.06.11.495732,116
ANAC046,0.14,298.0,7.0,3.6,0.3,NAPSTTITTTKQLSRIDSLDNIDHLLDFSSLPPLIDPGFLGQPGPSFSGARQQHDLKPVLHHPTTAPVDNTYLPTQALNFPYHSVHNSGSDFGYGAGSGNNNKGMIKLEHSLVSVSQETGLSSDVNTTATPEISSYPMMMNPAMMDGSKSACDGLDDLIFWEDLYTS,https://doi.org/10.1101/2022.06.11.495732,167
DomainV,0.1985,288.15,7.0,2.43,0.024,GAMGTAGNKAALLDQIREGAQLKKVEQNSRPVSCSGRDALLDQIRQGIQLKSVADGQESTPPTPAPT,https://doi.org/10.1016/j.bpj.2019.02.015,67
hKISS1,0.159,283.15,7.0,3.47,0.05,GEPLEKVASVGNSRPTGQQLESLGLLAPGEQSLPCTERKPAATARLSRRGTSLSPPPESSGSPQQPGLSAPHSRQIPAPQGAVLVQREKDLPNYNWNSFGLRFGKREAAPGNHGRSAGRG,https://doi.org/10.1371/journal.pone.0172507,120
HvASR1,0.15,293.15,7.3,3.46,0.06,GSPEFMAEEKHHHHLFHHKKEGEDFQPAADGGADVYGYSTETVVTGTGNEGEYERITKEEKHHKHKEHLGEMGAVAAGAFALYEKHEAKKDPEHAHKHKIEEELAAAAAVGAGGFVFHEHHEKKQDHKEAKEASGEKKHHLFG,https://doi.org/10.1038/s41598-017-15299-4,143
TtASR1,0.15,293.15,7.3,3.49,0.06,GSPEFMAEEKHHHLFHHKEGEDFQPAADGGVDTYGYSTETVVTATGNDGEYERITKEEKHHKHKEHLGEMGAAAAGAFALYEKHEAKKDPEHAHKHKIEEEVAAAAAVGAGGFVFHEHHEKKQDHKEAKEASGEKKHHLFG,https://doi.org/10.1038/s41598-017-15299-4,141
VWF,0.153,293.0,7.4,3.08,0.03,MEDREQAPNLVYMVTGNPASDEIKRLPGDIQVVPIGVGPNANVQELERIGWPNAPILIQDFETLPREAPDLVLQRGGWSHPQFEKGGGSGGGSGGWSHPQFEK,https://doi.org/10.1016/j.jmb.2021.166954,103
GON7,0.211,283.0,6.5,3.18,0.04,MGHHHHHHENLYFQGELLGEYVGQEGKPQKLRVSCEAPGDGDPFQGLLSGVAQMKDMVTELFDPLVQGEVQHRVAAAPDEDLDGDDEDDAEDENNIDNRTNFDGPSAKRPKTPS,https://doi.org/10.1038/s41467-019-11951-x,114
TIF2NRID,0.175,283.15,6.8,3.74,0.092,ERADGQSRLHDSKGQTKLLQLLTTKSDQMEPSPLASSLSDTNKDSTGSLPGSGSTHGTSLKEKHKILHRLLQDSSSPVDLAKLTAEATGKDLSQESSSTAPGSEVTIKQEPVSPKKKENALLRYLLDKDDTKDIGLPEITPKLERLDSKT,https://doi.org/10.1016/j.jmb.2021.166899,150
PARCL,0.17,293.15,7.5,3.43,0.065,GSMQYYENREKDYYEVAQGQRNGYGQSQSHNHEGYGQSQSRGGYGQIHNREGYNQNREGYSQSQSRPVYGLSPTLNHRSHGGFLDGLFKGQNGQKGQSGLGTFLGQHKSQEAKKSQGHGKLLGQHDQKKTHETNSGLNGLGMFINNGEKKHRRKSEHKKKNKDGHGSGNESGSSSGSDSD,https://doi.org/10.1016/j.jbc.2022.102631,180
BMAL1P624A,0.154,283.25,7.2,2.77,0.09,GPDASSPGGKKILNGGTPDIPSTGLLPGQAQETPGYPYSDSSSILGENPHIGIDMIDNDQGSSSPSNDEAAMAVIMSLLEADAGLGGPVDFSDLPWAL,https://doi.org/10.1074/jbc.ra119.009845,98
D91_FATZ1,0.192,293.15,7.5,3.86,0.024,GPTVGGQLGTAGQGFSYSKSNGRGGSQAGGSGSAGQYGSDQQHHLGSGSGAGGTGGPAGQAGRGGAAGTAGVGETGSGDQAGGEGKHITVFKTYISPWERAMGVDPQQKMELGIDLLAYGAKAELPKYKSFNRTAMPYGGYEKASKRMTFQMPKFDLGPLLSEPLVLYNQNLSNRPSFNRTPIPWLSSGEPVDYNVDIGIPLDGETEEL,https://doi.org/10.1126/sciadv.abg7653,209
N_FATZ1,0.192,293.15,7.5,3.45,0.062,MAHHHHHHVDDDDKIMPLSGTPAPNKKRKSSKLIMELTGGGQESSGLNLGKKISVPRDVMLEELSLLTNRGSKMFKLRQMRVEKFIYENHPDVFSDSSMDHFQKFLPTVGGQLGTAGQGFSYSKSNGRGGSQAGGSGSAGQYGSDQQHHLGSGSGAGGTGGPAGQAGRGGAAGTAGVGETGSGDQAGGEAE,https://doi.org/10.1126/sciadv.abg7653,191
ED3,0.153,293.15,7.4,6.51,0.15,MGSSHHHHHHSSGLVPRGSMAQRWRSENFERPVDLEGSGDDDSFPDDELDDLYSGSGSGYFEQESGIETAMETRFSPDVALAVSTTPAVLPTTNIQPVGTPFEELPSERPTLEPATSPLVVTEVPEEPSQRATTVSTTMETATTAATSTGDPTVATVPATVATATPSTPAAPPFTATTAVIRTTGVRRLLPLPLTTVATARATTPEAPSPPTTAAVLDTEAPTPRLVSTATSRPRALPRPATTQEPDIPERSTLPLGTTAPGPTEVAQTPTPETFLTTIRDEPEVPVSGGPSGDFELPEEETTQPDTANEVVAVGGAAAKASSPPGTLPKGARPGPGLLDNAIDSGSSAAQLPQKSILERKEVLVDYKDDDDK,https://doi.org/10.1016/j.mbplus.2021.100081,373
ED4,0.153,293.15,7.4,4.06,0.11,GSSHHHHHHSSGLVPRGSHMESIRETEVIDPQDLLEGRYFSGALPDDEDVVGPGQESDDFELSGSGDLDDLEDSMIGPEVVHPLVPLDNHIPERAGSGSQVPTEPKKLEENEVIPKRISPVEESEDVSNKVSMSSTVQGSNIFERTEVLAGCPEHDYKDDDDK,https://doi.org/10.1016/j.mbplus.2021.100081,163
ERD14,0.17,293.0,7.5,4.6,0.1,AEEIKNVPEQEVPKVATEESSAEVTDRGLFDFLGKKKDETKPEETPIASEFEQKVHISEPEPEVKHESLLEKLHRSDSSSSSSSEEEGSDGEKRKKKKEKKKPTTEVEVKEEEKKGFMEKLKEKLPGHKKPEDGSAVAAAPVVVPPPVEEAHPVEKKGILEKIKEKLPGYHPKTTVEEEKKDKE,https://doi.org/10.1021/jacs.5b06027,184
Fez1,0.15,293.0,7.4,3.6,0.1,QIQEEEETLQDEEVWDALTDNYIPSLSEDWRDPNIEALNGNCSDTEIHEKEEEEFNEKSENDSGINEEPLLTADQVIEEIEEMMQNSPDPEEEEEVLEEEDGG,https://doi.org/10.1021/pr100314q,103
ERD10,0.17,293.0,7.5,6.0,0.1,AEEYKNTVPEQETPKVATEESSAPEIKERGMFDFLKKKEEVKPQETTTLASEFEHKTQISEPESFVAKHEEEEHKPTLLEQLHQKHEEEEENKPSLLDKLHRSNSSSSSSSDEEGEDGEKKKKEKKKKIVEGDHVKTVEEENQGVMDRIKEKFPLGEKPGGDDVPVVTTMPAPHSVEDHKPEEEEKKGFMDKIKEKLPGHSKKPEDSQVVNTTPLVETATPIADIPEEKKGFMDKIKEKLPGYHAKTTGEEEKKEKVSD,https://doi.org/10.1021/jacs.5b06027,259
CAF1_p150L_CTD,0.24,293.0,7.0,4.1,0.2,MAERLGKQLKLRAEREEKEKLKEEAKRAKEEAKKKKEEEKELKEKERREKREKDEKEKAEKQRLKEERRKERQEALEAKLEEKRKKEEEKRLREEEKRIKAEKAEITRFFQKPKTPQAPKTLAGSCGKFAPFEIKELEHHHHHH,https://doi.org/10.3390/ijms231911099,144
FCP1,0.11,298.0,6.5,1.56,0.01,ESSRESSNEDEGSSSEADEMAKALEAELNDLM,https://doi.org/10.1021/acs.jpcb.6b06934,32
NLS_Rg,0.15,296.0,7.4,2.4,0.3,ACETNKRKREQISTDNEAKMQIQEEKSPKKKRKKRSSKANKPPEFA,https://doi.org/10.1073/pnas.1704692114,46
PAGE4_WT,0.15,283.0,7.4,3.6,0.1,MSARVRSRSRGRGDGQEAPDVVAFVAPGESQQEEPPTDNQDIEPGQEREGTPPIEERKVEGDCQEMDLEKTRSERGDGSDVKEKTPPNPKHAKTKEAGDGQP,https://doi.org/10.1073/pnas.1700082114,102
Calpastatin,0.17,293.0,7.5,3.9,0.1,AVPVESKPDKPSGKSGMDAALDDLIDTLGGPEETEEENTTYTGPEVSDPMSSTYIEELGKREVTIPPKYRELLAKKEGITGPPADSSKPIGPDDAIDALSSDFTCGSPTAAGKKTEKEESTEVLKAQSAGTVRSAAPPQEK,https://doi.org/10.1021/jacs.5b06027,141
MenVL,0.15,283.0,8.5,2.6,0.1,TTIKIMDPGVGDGATAAKSKRLFKEAPVVVSGPVIGDNPIVDADTIQLDELARPSLPKTKSQ,https://doi.org/10.3390/v13091737,62
Msh6_NTR,0.12,293.0,8.0,5.6,0.2,MAPATPKTSKTAHFENGSTSSQKKMKQSSLLSFFSKQVPSGTPSKKVQKPTPATLENTATDKITKNPQGGKTGKLFVDVDEDNDLTIAEETVSTVRSDIMHSQEPQSDTMLNSNTTEPKSTTTDEDLSSSQSRRNHKRRVNYAESDDDDSDTTFTAKRKKGKVVDSESDEDEYLPDKNDGDEDDDIADDKEDIKGELAEDSGDDDDLISLAETTSKKKFSYNTSHSSSPFTRNISRDNSKKKSRPNQAPSRSYNPSHSQPSATSKSSKFNKQNEERYQWLVDERDAQRRPKSDPEYDPRTLYIPALEHHHHHH,https://doi.org/10.1016/j.molcel.2007.04.024,313
AavLEA1,0.17,293.0,7.5,4.1,0.1,MGSSHHHHHHSSGLVPRGSHMSSQQNQNRQGEQQEQGYMEAAKEKVVNAWESTKETLSSTAQAAAEKTAEFRDSAGETIRDLTGQAQEKGQEFKERAGEKAEETKQRAGEKMDETKQRAGEMRENAGQKMEEYKQQGKGKAEELRDTAAEKLHQAGEKVKGRD,https://doi.org/10.1021/jacs.5b06027,163
hNHE1cdt,0.2,278.0,7.4,3.7,0.1,VPAHKLDSPTMSRARIGSDPLAYEPKEDLPVITIDPASPQSPESVDLVNEELKGKVLGLSRDPAKVAEEDEDDDGGIMMRSKETSSPGTDDVFTPAPSDSPSSQRIQRCLSDPGPHPEPGEGEPFFPKGQ,https://doi.org/10.1002/pro.435,130
HeV_PNT3_3Y3A,0.12,293.0,7.2,3.95,0.03,MSYYHHHHHHLESTSLYKKAGFTPTEEPPVIPEAAAGSGRRGDLSKSPPRGNVNLDSIKIYTSDDEDENQLEYEDEFAKSSSEVVIDTTPEDNDSINQEEVVGDPSDQGLEHPFPLGKFPEKEETPDVRRKDS,https://doi.org/10.3390/ijms24010399,133
ht2N3R,0.15,298.0,7.4,6.3,0.3,MAEPRQEFEVMEDHAGTYGLGDRKDQGGYTMHQDQEGDTDAGLKESPLQTPTEDGSEEPGSETSDAKSTPTAEDVTAPLVDEGAPGKQAAAQPHTEIPEGTTAEEAGIGDTPSLEDEAAGHVTQARMVSKSKDGTGSDDKKAKGADGKTKIATPRGAAPPGQKGQANATRIPAKTPPAPKTPPSSGEPPKSGDRSGYSSPGSPGTPGSRSRTPSLPTPPTREPKKVAVVRTPPKSPSSAKSRLQTAPVPMPDLKNVKSKIGSTENLKHQPGGGKVQIVYKPVDLSKVTSKCGSLGNIHHKPGGGQVEVKSEKLDFKDRVQSKIGSLDNITHVPGGGNKKIETHKLTFRENAKAKTDHGAEIVYKSPVVSGDTSPRHLSNVSSTGSIDMVDSPQLATLADEVSASLAKQGL,https://doi.org/10.3389/fmolb.2021.779240,410
HAdV5E1A,0.24,283.0,7.0,3.6,0.1,GSMSHFEPPTLHELYDLDVTAPEDPNEEAVSQIFPDSVMLAVQEGIDLLTFPPAPGSPEPPHLSRQPEQPEQRALGPVSMPNLVPEVIDLYCYEQLNPPSDDEDEEGEEFVLDY,https://doi.org/10.1038/s41594-022-00811-w,114
ht2N4R,0.15,298.0,7.4,6.7,0.3,MAEPRQEFEVMEDHAGTYGLGDRKDQGGYTMHQDQEGDTDAGLKESPLQTPTEDGSEEPGSETSDAKSTPTAEDVTAPLVDEGAPGKQAAAQPHTEIPEGTTAEEAGIGDTPSLEDEAAGHVTQARMVSKSKDGTGSDDKKAKGADGKTKIATPRGAAPPGQKGQANATRIPAKTPPAPKTPPSSGEPPKSGDRSGYSSPGSPGTPGSRSRTPSLPTPPTREPKKVAVVRTPPKSPSSAKSRLQTAPVPMPDLKNVKSKIGSTENLKHQPGGGKVQIINKKLDLSNVQSKCGSKDNIKHVPGGGSVQIVYKPVDLSKVTSKCGSLGNIHHKPGGGQVEVKSEKLDFKDRVQSKIGSLDNITHVPGGGNKKIETHKLTFRENAKAKTDHGAEIVYKSPVVSGDTSPRHLSNVSSTGSIDMVDSPQLATLADEVSASLAKQGL,https://doi.org/10.3389/fmolb.2021.779240,441
HeV_PNT3_WT,0.12,293.0,7.2,3.67,0.04,MSYYHHHHHHLESTSLYKKAGSTPTEEPPVIPEYYYGSGRRGDLSKSPPRGNVNLDSIKIYTSDDEDENQLEYEDEFAKSSSEVVIDTTPEDNDSINQEEVVGDPSDQGLEHPFPLGKFPEKEETPDVRRKDS,https://doi.org/10.3390/ijms24010399,133
NiV_PNT3_WT,0.12,293.0,7.2,3.74,0.02,MSYYHHHHHHLESTSLYKKAGFDPAKDSPVIAEHYYGLGVKEQNVGPQTSRNVNLDSIKLYTSDDEEADQLEFEDEFAGSSSEVIVGISPEDEEPSSVGGKPNESIGRTIEGQSIRDNLQAKDNKSTDVPGAGPKDS,https://doi.org/10.3390/ijms24010399,137
NiVPNT,0.31,293.0,8.0,6.1,0.1,MDKLELVNDGLNIIDFIQKNQKEIQKTYGRSSIQQPSIKDQTKAWEDFLQCTSGESEQVEGGMSKDDGDVERRNLEDLSSTSPTDGTIGKRVSNTRDWAEGSDDIQLDPVVTDVVYHDHGGECTGYGFTSSPERGWSDYTSGANNGNVCLVSDAKMLSYAPEIAVSKEDRETDLVHLENKLSTTGLNPTAVPFTLRNLSDPAKDSPVIAEHYYGLGVKEQNVGPQTSRNVNLDSIKLYTSDDEEADQLEFEDEFAGSSSEVIVGISPEDEEPSSVGGKPNESIGRTIEGQSIRDNLQAKDNKSTDVPGAGPKDSAVKEEPPQKRLPMLAEEFECSGSEDPIIRELLKENSLINCQQGKDAQPPYHWSIERSISPDKTEIVNGAVQTADRQRPGTPMPKSRGIPIKKHHHHHH,https://doi.org/10.1038/s41598-020-76522-3,412
IBB_Rg,0.15,296.0,7.4,3.2,0.2,GCTNENANTPAARLHRFKNKGKDSTEMRRRRIEVNVELRKAKKDDQMLKRRNVSSFPDDATSPLQENRNNQGTVNWSVDDIVKGINSSNVENQLQATFA,https://doi.org/10.1073/pnas.1704692114,99
MAP2c,0.16,293.0,6.9,6.7,0.3,MADERKDEGKAPHWTSASLTEAAAHPHSPEMKDQGGSGEGLSRSANGFPYREEEEGAFGEHGSQGTYSDTKENGINGELTSADRETAEEVSARIVQVVTAEAVAVLKGEQEKEAQHKDQPAALPLAAEETVNLPPSPPPSPASEQTAALEEATSGESAQAPSAFKQAKDKVTDGITKSPEKRSSLPRPSSILPPRRGVSGDREENSFSLNSSISSARRTTRSEPIRRAGKSGTSTPTTPGSTAITPGTPPSYSSRTPGTPGTPSYPRTPGTPKSGILVPSEKKVAIIRTPPKSPATPKQLRLINQPLPDLKNVKSKIGSTDNIKYQPKGGQVQIVTKKIDLSHVTSKCGSLKNIRHRPGGGRVKIESVKLDFKEKAQAKVGSLDNAHHVPGGGNVKIDSQKLNFREHAKARVDHGAEIITQSPSRSSVASPRRLSNVSSSGSINLLESPQLATLAEDVTAALAKQGL,https://doi.org/10.1074/jbc.RA118.001769,467
HMPVP_NTD,0.17,293.0,7.5,2.74,0.05,MAHHHHHHSSGLEVLFQGPMSFPEGKDILFMGNEAAKLAEAFQKSLRKPSHKRSQSIIGEKVNTVSETLELPTISRPTKP,https://doi.org/10.1038/s41598-017-14448-z,80
CortactinCRH,0.31,295.0,8.0,4.74,0.07,GPLGSGYGGKFGVEQDRMDKSAVGHEYQSKLSKHCSQVDSVRGFGGKFGVQMDRVDQSAVGFEYQGKTEKHASQKDYSSGFGGKYGVQADRVDKSAVGFDYQGKTEKHESQRDYSKGFGGKYGIDKDKVDKSAVGFEYQGKTEKHESQKDYVKGFGGKFGVQTDRQDKCALGWDHQEKLQLHESQKDYKTGFGGKFGVQSERQDSAAVGFDYKEKLAKHESQQDYSKGFGGKYGVQKDRMDKNASTFEDVTQVSSAYQKTVPVEAVTSKTSNIRANFENLAKEKEQEDRRKAEAERAQRMAKERQEQEEARRKLEEQARAKTQT,https://doi.org/10.1038/s41598-017-16959-1,324
HeV_PNT3_CTD_3Y3A,0.12,293.0,7.2,2.73,0.02,MSYYHHHHHHLESTSLYKKAGFTPTEEPPVIPEAAAGSGRRGDLSKSPPRGNVNLDSIKIYTSDDEDENQLEYEDEF,https://doi.org/10.3390/ijms24010399,77
CTCF_RD,0.28,283.0,8.0,3.2,0.2,SAERRNSILTETLHRFSLEGDAPVSWTETKKQSFKQTGEFGEKRKNSILNPINSIRKFSIVQKTPLQMNGIEEDSDEPLERRLSLVPDSEQGEAILPRISVISTGPTLQARRRQSVLNLMTHSVNQGQNIHRKTTASTRKVSLAPQANLTELDIYSRRLSQETGLEISEEINEEDLKECFFDDME,https://doi.org/10.1007/s00018-012-1172-5,185
lambdaN,0.11,293.0,7.0,3.8,0.3,MDAQTRRRERRAEKQAQWKAANPLLVGVSAKPVNRPILSLNRKPKSRVESALNPIDLTVLAEYHKQIESNLQRIERKNQRTWYSKPGERGITCSGRQKIKGKSIPLI,https://doi.org/10.1002/pro.739,107
UL11,0.11,277.0,7.5,2.4,0.2,MGLSFSGTRPCCCRNNVLITDDGEVVSLTAHDFDVVDIESEEEGNFYVPPDMRGVTRAPGRQRLRSSDPPSRHTHRRTPGGACPATQFPPPMSDSEWSHPQFEK,https://doi.org/10.1128/mbio.00810-20,104
HeV_PNT3_CTD,0.12,293.0,7.2,2.75,0.01,MSYYHHHHHHLESTSLYKKAGFTPTEEPPVIPEYYYGSGRRGDLSKSPPRGNVNLDSIKIYTSDDEDENQLEYEDEF,https://doi.org/10.3390/ijms24010399,77
P300,0.17,293.0,7.5,3.3,0.1,MRGSHHHHHHGMASMTGGQQMGRDLYDDDDKDHPSTISPLKPGTVSQQALQNLLRTLRSPSSPLQQQQVLSILHANPQLLAAFIKQRAAKYANSNPQPIPGQPGMPQGQPGLQPPTMPGQQGVHSNPAMQNMNPMQAGVQR,https://doi.org/10.1021/jacs.5b06027,141
NUL_Rg,0.15,296.0,7.4,3.0,0.3,GCGFKGFDTSSSSSNSAASSSFKFGVSSSSSGPSQTLTSTGNFKFGDQGGFKIGVSSDSGSINPMSEGFKFSKPIGDFKFGVSSESKPEEVKKDSKNDNFKFGLSSGLSNPVFA,https://doi.org/10.1073/pnas.1704692114,114
ERNTD_S118D,0.198,277.0,7.4,3.69,0.01,MTMTLHTKASGMALLHQIQGNELEPLNRPQLKIPLERPLGEVYLDSSKPAVYNYPEGAAYEFNAAAAANAQVYGQTGLPYGPGSEAAAFGSNGIGGFPPLNSVSPSPLMLLHPPPQLDPFLQPHGQQVPYYLENEPSGYTVREAGPPAFYRPNSDNRRQGGRERLASTNDKGSMAMESAKETRY,https://doi.org/10.1038/s41586-024-08400-1,184
ERNTD_S118A,0.198,277.0,7.4,3.4,0.02,MTMTLHTKASGMALLHQIQGNELEPLNRPQLKIPLERPLGEVYLDSSKPAVYNYPEGAAYEFNAAAAANAQVYGQTGLPYGPGSEAAAFGSNGIGGFPPLNSVSPSPLMLLHPPPQLAPFLQPHGQQVPYYLENEPSGYTVREAGPPAFYRPNSDNRRQGGRERLASTNDKGSMAMESAKETRY,https://doi.org/10.1038/s41586-024-08400-1,184
Eralpha_NTD,0.1,283.0,7.4,3.0,0.1,SNAMTMTLHTKASGMALLHQIQGNELEPLNRPQLKIPLERPLGEVYLDSSKPAVYNYPEGAAYEFNAAAAANAQVYGQTGLPYGPGSEAAAFGSNGLGGFPPLNSVSPSPLMLLHPPPQLSPFLQPHGQQVPYYLENEPSGYTVREAGPPAFYRPNSDNRRQGGRERLASTNDKGSMAMESAKETRY,https://doi.org/10.1016/j.str.2018.10.026,187
ERNTD_WT,0.198,277.0,7.4,3.39,0.02,MTMTLHTKASGMALLHQIQGNELEPLNRPQLKIPLERPLGEVYLDSSKPAVYNYPEGAAYEFNAAAAANAQVYGQTGLPYGPGSEAAAFGSNGIGGFPPLNSVSPSPLMLLHPPPQLSPFLQPHGQQVPYYLENEPSGYTVREAGPPAFYRPNSDNRRQGGRERLASTNDKGSMAMESAKETRY,https://doi.org/10.1038/s41586-024-08400-1,184
Nup153_82,0.15,296.0,7.4,2.4,0.5,GCPSASPAFGANQTPTFGQSQGASQPNPPGFSISSSTALFPTGSQPAPPTFGTVSSSSQPPVFGQQPSQSAFGSTTPNFA,https://doi.org/10.1021/acs.jpcb.5b03440,80
NUS_Rg,0.15,296.0,7.4,2.5,0.1,GCPSASPAFGANQTPTFGQSQGASQPNPPGFGSISSSTALFPTGSQPAPPTFGTVSSSSQPPVFGQQPSQSAFGSGTTPNFA,https://doi.org/10.1073/pnas.1704692114,82
GRB14_PIR,0.13,293.0,8.0,2.6,0.1,YGMQLYQNYMHPYQGRSGCSSQSISPMRSISENSLVAMDFSGQKSRVIENPTEALSVAVEEGLAWRKKGCLRLGTHGSPTASSQSSATNMAIHRSQPW,https://doi.org/10.1529/biophysj.104.048645,98
Nsp1_Rg,0.15,296.0,7.4,4.1,0.3,GCNFNTPQQNKTPFSFGTANNNSNTTNQNSSTGAGAFGTGQSTFGFNNSAPNNTNNANSSITPAFGSNNTGNTAFGNSNPTSNVFGSNNSTTNTFGSNSAGTSLFGSSSAQQTKSNGTAGGNTFGSSSLFNNSTNSNTTKPAFGGLNFGGGNNTTPSSTGNANTSNNLFGATANANFA,https://doi.org/10.1073/pnas.1704692114,178
Nup49_Rg,0.15,296.0,7.4,1.6,0.1,GCQTSRGLFGNNNTNNINNSSSGMNNASAGLFGSKPFA,https://doi.org/10.1073/pnas.1704692114,38
TRF2_BR,0.15,277.0,7.0,1.7,0.2,GPPGSMAGGGGSSDGSGRAAGRRASRSSGRARRGRHEPGLGGPAERGAG,https://doi.org/10.1093/nar/gkx812,49
N98_Rg,0.15,296.0,7.4,2.9,0.1,GCFNKSFGTPFGGGTGGFGTTSTFGQNTGFGTTSGGAFGTSAFGSSNNTGGLFGNSQTKPGGLFGTSSFSQPATSTSTGFGFGTSTGTANTLFGTASTGTSLFSSQNNAFAQNKPTGFGNFGTSTSSGGLFGTTNTTSNPFGSTSGSLFGPFA,https://doi.org/10.1073/pnas.1704692114,153
sfAFP,0.175,293.0,7.5,2.45,0.01,CKGADGAHGVNGCPGTAGAAGSVGGPGCDGGHGGNGGNGNPGCAGGVGGAGGASGGTGVGGWGGKGGSGTPKGADGAPGAPGSHHWHHHHHH,https://doi.org/10.1002/pro.4986,92
sfAFP1x14G,0.175,293.0,7.5,2.5,0.01,CKGADGAHGVNGCPGTAGAAGSVGGPGCDHNNGGGGGGGGGGGGGGNPGCAVAASGTGVGGWGGKGGSGTPKGADGAPGAPGSHHWHHHHHH,https://doi.org/10.1002/pro.4986,92
sfAFP3x7G,0.175,293.0,7.5,2.49,0.01,CKGADGAHGVNGCPGTAGAAGSVGGPGCDHNNGGGGGGGNPGCAVAASGGGGGGGGTGVWKSGGGGGGGTPKGADGAPGAPGSHHWHHHHHH,https://doi.org/10.1002/pro.4986,92
sfAFP1x21G,0.175,293.0,7.5,2.66,0.03,CKGADGAHGVNGCPGTAGAAGSVGGPGCDHNNGGGGGGGGGGGGGGGGGGGGGNPGAGGSGGAGGSGGSGGAGGAGGSGGCAVAASGTGVWKSTPKGADGAPGAPG,https://doi.org/10.1002/pro.4986,106
sfAFP2x7Q,0.175,293.0,7.5,2.65,0.01,CKGADGAHGVNGCPGTAGAAGSVGGPGCDHNNQQQQQQQNPGCAVAASQQQQQQQGTGVGGWGGKGGSGTPKGADGAPGAP,https://doi.org/10.1002/pro.4986,81
sfAFP3x7Q,0.175,293.0,7.5,2.72,0.01,CKGADGAHGVNGCPGTAGAAGSVGGPGCDHNNQQQQQQQNPGCAVAASQQQQQQQGTGVWKSQQQQQQQTPKGADGAPGAP,https://doi.org/10.1002/pro.4986,81
sfAFP1x14Q,0.175,293.0,7.5,2.66,0.01,CKGADGAHGVNGCPGTAGAAGSVGGPGCDHNNQQQQQQQQQQQQQQNPGCAGGVGGAGGASGGTGVGGWGGKGGSGTPKGADGAPGAP,https://doi.org/10.1002/pro.4986,88
sfAFP2x14Q,0.175,293.0,7.5,3.25,0.01,CKGADGAHGVNGCPGTAGAAGSVGGPGCDHNNQQQQQQQQQQQQQQNPGCAVAAGSVGGPGCDHNNQQQQQQQQQQQQQQNPGCAGGVGGAGGASGGTGVGGWGGKGGSGTPKGADGAPGAP,https://doi.org/10.1002/pro.4986,122
longform,0.175,293.0,7.5,3.92,0.06,GSSHHHHHHHHASENLYFQSCKAPNGADGRSNGEAGGAGTAGANGCDGGDGGNGFPGTGSAAGGAGGIGGVGGAGAKGGNGGKGGWGASSESAAGGAGGAGGAAGAGSSGPGGQGGEGGKGGKANGVTGTGGAGGIGGVGGAGSGGQPGGNGGNAGLGGDSVTAGGAGGTGGAGGAGTPGGRGGNGANGGSGHGNPGGRGLPGAAGLPVGGGGAGGIGGGGGA,https://doi.org/10.1002/pro.4986,223
longform_shuffle,0.175,293.0,7.5,3.65,0.01,GSSHHHHHHHHASENLYFQSGGVTCPPGGGTNGKNNGAGDGGGAGGTAGPGAAGWACSGGFGGAGKGTIVAGASGGPGGNGRSGSAGPKGHGAGKPGGLGDSNGGGAPGAGNAGGNGGGGAGQLGTAAGGSGITPVAIGGGGGSGGGGSGGGVGGGATAGNAGGASNGGVAGGGGAGRAGGEGQGGGGGEGGADKGAGGAGNGALRGAGGAGGSAGGGEGDGN,https://doi.org/10.1002/pro.4986,223
goldilox,0.175,293.0,7.5,3.73,0.05,GSSHHHHHHHHASENLYFQSCKGPNGAGGRGGNEGAGAGTGGAGGCDGGDGGNGGPGTGGAAGGAGGIGGVGGAGGKGGNGGKGGWGGSIEGGAGGAGGAGGAGGAGGSGPGGQGGEGGKGGKAGGVGGTGGAGGIGGVGGAGSGGQPGGNGGNGGLGGDSGGAGGAGGKGGCGGAGGPGGRGGNGGNGGSGHGGPGGRGGPGAGGPGGVGGAGGIGGLGGAG,https://doi.org/10.1002/pro.4986,223
SMAD4_linker,0.15,283.0,7.2,3.7,0.04,GAMIDLSGLTLQSNAPSSMMVKDEYVHDFEGQPSLSTEGHSIQTIQHPPSNRASTETYSTPALLAPSESNATSTANFPNIPVASTSQPASILGGSHSEGLLQIASGPQPGQQQNGFTGQPATYHHNSTTTWTGS,https://doi.org/10.1016%2Fj.csbj.2021.09.009,134
SMAD2_linker,0.15,283.0,7.2,2.99,0.04,GPLPPVLVPRHTEILTELPPLDDYTHSIPENTNFPAGIEPQSNYIPETPPPGYISEDGETSDQQLNQSMDTGSPAELSPTTLSPVNHSLD,https://doi.org/10.1016%2Fj.csbj.2021.09.009,90
dChMINUS_Rg,0.172,295.0,7.3,2.58,0.05,GSGSCMGLPTGMEEKEEGTDESEQKPVVQTPAQPDDSAEVDSAALDQAESAKQQGPILTKHGCTLGPR,https://doi.org/10.1021/jacsau.4c00673,68
sNhPLUS_Rg,0.172,295.0,7.3,2.55,0.07,GSGSCPEEIETRKKDRKNRREMLKRTSALQPAAPKPTHKKPVPKRNVGAERKSTINEDLLPPCTLGPR,https://doi.org/10.1021/jacsau.4c00673,68